replan_step,i,x1,x2,x3,x4
0,0,-10,0,0,0
0,1,-9.45234,1.5,1.09533,3
0,2,-8.25981,3,1.28972,0
0,3,-7.30868,2.97731,0.612539,-0.0453827
0,4,-6.20536,2.80263,1.59409,-0.30397
0,5,-4.89397,2.05564,1.02869,-1.19002
0,6,-3.5291,0.599941,1.70106,-1.72138
0,7,-1.61032,-1.58846,2.13649,-2.65542
0,8,-0.155343,-3.83593,0.773461,-1.83952
0,9,0.394411,-5.45106,0.326047,-1.39075
0,10,0.519932,-6.61012,-0.0750055,-0.927374
0,11,0.400839,-7.41033,-0.163181,-0.673044
0,12,0.263244,-8.03598,-0.112009,-0.578263
0,13,0.170455,-8.61394,-0.073569,-0.577649
0,14,0.104603,-9.20731,-0.058136,-0.609087
0,15,0.053253,-9.83377,-0.0445634,-0.643844
0,16,0.0176188,-10.4912,-0.0267049,-0.670974
0,17,-0.00135682,-11.1669,-0.0112464,-0.680532
0,18,-0.00816188,-11.8506,-0.00236368,-0.686742
0,19,-0.00820228,-12.5391,0.00228288,-0.69036
0,20,-0.00559813,-13.2292,0.00292543,-0.689755
0,21,-0.00344717,-13.919,0.0013765,-0.689825
0,22,-0.00218696,-14.6085,0.00114392,-0.689325
0,23,-0.00121971,-15.2977,0.000790577,-0.688945
0,24,-0.000527601,-15.9864,0.00059365,-0.688424
0,25,-7.38219e-05,-16.6747,0.000313909,-0.688223
0,26,0.000114278,-17.3628,6.22905e-05,-0.688089
0,27,0.000137157,-18.0509,-1.65332e-05,-0.688072
0,28,0.000108009,-18.739,-4.17627e-05,-0.688075
0,29,7.14313e-05,-19.4271,-3.13921e-05,-0.688088
0,30,4.33949e-05,-20.1152,-2.46806e-05,-0.688097
0,31,2.13896e-05,-20.8033,-1.93299e-05,-0.6881
0,32,1.21685e-07,-21.4914,-2.3206e-05,-0.688103
0,33,-2.60226e-05,-22.1795,-2.90827e-05,-0.688105
0,34,-4.9871e-05,-22.8676,-1.8614e-05,-0.688092
0,35,-5.56e-05,-23.5557,7.15583e-06,-0.688071
0,36,-4.45347e-05,-24.2437,1.49749e-05,-0.688064
0,37,-2.06011e-05,-24.9318,3.28924e-05,-0.68811
0,38,1.93186e-08,-25.6199,8.34831e-06,-0.688112
0,39,4.21723e-06,-26.308,4.75256e-08,-0.68811
0,40,9.59262e-06,-26.9961,1.07033e-05,-0.68811
0,41,3.39702e-05,-27.6843,3.80518e-05,-0.688124
0,42,1.41495e-05,-28.3724,-7.76931e-05,-0.688054
0,43,-2.12375e-05,-29.0604,6.91899e-06,-0.688116
0,44,-9.4409e-06,-29.7486,1.66742e-05,-0.688143
5,0,-4.89399,2.05564,1.0287,-1.19002
5,1,-4.58431,2.36563,-0.409339,1.80998
5,2,-4.78761,3.95404,0.00272973,1.36685
5,3,-5.01707,5.10775,-0.461639,0.940551
5,4,-5.18649,5.57475,0.122787,-0.00654999
5,5,-5.06584,5.00952,0.118519,-1.12391
5,6,-4.12492,3.83552,1.76333,-1.2241
5,7,-2.28567,2.26833,1.91517,-1.91028
5,8,-0.746923,0.588362,1.16232,-1.44967
5,9,0.0959596,-0.63332,0.523445,-0.993699
5,10,0.433904,-1.40077,0.152445,-0.5412
5,11,0.477118,-1.78,-0.066018,-0.217255
5,12,0.384202,-1.91715,-0.119813,-0.0570537
5,13,0.264919,-1.94455,-0.118755,0.0022536
5,14,0.161296,-1.94523,-0.0884906,-0.00360316
5,15,0.0891612,-1.96569,-0.0557792,-0.0373342
5,16,0.0408811,-2.01692,-0.0407811,-0.0651167
5,17,0.00792751,-2.09426,-0.0251262,-0.0895571
5,18,-0.0116852,-2.1916,-0.0140993,-0.105131
5,19,-0.0196623,-2.30261,-0.00185472,-0.116886
5,20,-0.0180571,-2.42431,0.00506495,-0.12651
5,21,-0.0120059,-2.55379,0.00703747,-0.132456
5,22,-0.0056273,-2.68699,0.00571978,-0.133945
5,23,-0.00182801,-2.81888,0.00187881,-0.129825
5,24,-0.000465566,-2.94744,0.000846076,-0.127302
5,25,4.83351e-05,-3.07408,0.000181726,-0.125969
5,26,0.000168485,-3.20025,5.85745e-05,-0.126372
5,27,3.60685e-05,-3.32667,-0.000323408,-0.126478
5,28,-6.39946e-05,-3.45302,0.000123282,-0.126214
5,29,9.09761e-05,-3.57912,0.000186659,-0.125989
5,30,0.000239807,-3.70496,0.000111002,-0.125693
5,31,0.000240948,-3.83053,-0.000108721,-0.125449
5,32,0.000160527,-3.95605,-5.21211e-05,-0.125585
5,33,0.00010875,-4.08157,-5.14328e-05,-0.12547
5,34,5.50719e-05,-4.20704,-5.59232e-05,-0.125454
5,35,-1.62223e-06,-4.33252,-5.7465e-05,-0.125511
5,36,-4.22614e-05,-4.45804,-2.38134e-05,-0.125538
5,37,-5.58945e-05,-4.58359,-3.45288e-06,-0.125559
5,38,-5.40718e-05,-4.70915,7.09827e-06,-0.125568
5,39,-4.60699e-05,-4.83473,8.90561e-06,-0.125584
5,40,-2.48348e-05,-4.96033,3.35645e-05,-0.125613
5,41,5.45671e-06,-5.08594,2.70186e-05,-0.125607
5,42,2.39506e-05,-5.21154,9.96921e-06,-0.125594
5,43,2.54574e-05,-5.33712,-6.95567e-06,-0.125574
5,44,1.24035e-05,-5.4627,-1.91521e-05,-0.12557
10,0,-5.06584,5.00953,0.118552,-1.12389
10,1,-5.95559,5.38564,-1.89805,1.87611
10,2,-6.95369,6.63798,-0.0981304,0.62857
10,3,-7.27895,6.99793,-0.552392,0.0913278
10,4,-7.52924,6.43943,0.0518173,-1.20831
10,5,-7.10309,4.90726,0.800472,-1.85604
10,6,-5.49362,3.14215,2.41848,-1.67416
10,7,-2.83734,0.968523,2.89407,-2.6731
10,8,-0.516288,-1.54007,1.74805,-2.34409
10,9,0.75468,-3.66393,0.793891,-1.90361
10,10,1.16439,-5.23038,0.025525,-1.22929
10,11,1.00545,-6.18763,-0.343409,-0.685214
10,12,0.663096,-6.72737,-0.341292,-0.394277
10,13,0.397477,-7.09952,-0.189945,-0.350018
10,14,0.243783,-7.46686,-0.117444,-0.384664
10,15,0.145213,-7.8773,-0.0796955,-0.43621
10,16,0.0778793,-8.33371,-0.0549717,-0.476627
10,17,0.0343956,-8.82561,-0.0319958,-0.507156
10,18,0.00948124,-9.34024,-0.0178329,-0.522116
10,19,-0.00499291,-9.86399,-0.0111154,-0.52537
10,20,-0.0130646,-10.3922,-0.00502794,-0.531071
10,21,-0.0157862,-10.9289,-0.000415257,-0.542326
10,22,-0.0141654,-11.4702,0.00365678,-0.540268
10,23,-0.00998301,-12.0086,0.00470805,-0.536516
10,24,-0.00609456,-12.5447,0.00306885,-0.535779
10,25,-0.00339762,-13.0802,0.00232504,-0.535186
10,26,-0.00141879,-13.6155,0.00163262,-0.535324
10,27,-8.41322e-05,-14.1507,0.0010367,-0.535068
10,28,0.000622223,-14.6853,0.00037601,-0.534259
10,29,0.000821957,-15.2194,2.34575e-05,-0.533895
10,30,0.000754033,-15.7533,-0.000159306,-0.533868
10,31,0.000575861,-16.2872,-0.000197038,-0.533909
10,32,0.000385335,-16.8211,-0.000184013,-0.533909
10,33,0.000245903,-17.355,-9.48511e-05,-0.53395
10,34,0.000188108,-17.889,-2.07391e-05,-0.533965
10,35,0.000168118,-18.4229,-1.92412e-05,-0.533961
10,36,0.000137922,-18.9569,-4.1151e-05,-0.533964
10,37,9.24036e-05,-19.4909,-4.98852e-05,-0.53398
10,38,4.52891e-05,-20.0249,-4.43436e-05,-0.533981
10,39,1.27771e-05,-20.5588,-2.06803e-05,-0.53399
10,40,-2.56863e-06,-21.0928,-1.00112e-05,-0.533997
10,41,-1.05338e-05,-21.6268,-5.91913e-06,-0.533995
10,42,-1.32666e-05,-22.1608,4.53505e-07,-0.533995
10,43,-9.45801e-06,-22.6948,7.16367e-06,-0.534
10,44,-3.32601e-06,-23.2288,5.10034e-06,-0.534002
15,0,-7.1031,4.90727,0.800478,-1.85604
15,1,-7.80262,4.55123,-2.19952,1.14396
15,2,-9.55936,6.05657,-1.31396,1.86671
15,3,-10.6948,7.50219,-0.956834,1.02454
15,4,-11.1497,7.80094,0.0469783,-0.427046
15,5,-11.0916,6.9091,0.0691788,-1.35663
15,6,-10.7066,5.31228,0.700926,-1.83702
15,7,-9.58237,3.14291,1.54745,-2.50172
15,8,-8.14248,0.830213,1.33233,-2.12367
15,9,-7.02451,-1.06613,0.903614,-1.66901
15,10,-6.36586,-2.50729,0.413672,-1.21332
15,11,-6.16269,-3.50941,-0.00733465,-0.790915
15,12,-6.35669,-4.11351,-0.380657,-0.417293
15,13,-6.85157,-4.44091,-0.609109,-0.237516
15,14,-7.50737,-4.65471,-0.702484,-0.190083
15,15,-8.21764,-4.84355,-0.718054,-0.18758
15,16,-8.92494,-5.04162,-0.696551,-0.208577
15,17,-9.60834,-5.26229,-0.670244,-0.232763
15,18,-10.2666,-5.5055,-0.64623,-0.253655
15,19,-10.9012,-5.76639,-0.622969,-0.268115
15,20,-11.5073,-6.04654,-0.589237,-0.2922
15,21,-12.0956,-6.34912,-0.587403,-0.312962
15,22,-12.6836,-6.66654,-0.588691,-0.321866
15,23,-13.2698,-6.9872,-0.583697,-0.319466
15,24,-13.8539,-7.30387,-0.58444,-0.31387
15,25,-14.4386,-7.61779,-0.584956,-0.313959
15,26,-15.0247,-7.93134,-0.587141,-0.31314
15,27,-15.6125,-8.24404,-0.588612,-0.312267
15,28,-16.2014,-8.55595,-0.589212,-0.311559
15,29,-16.7907,-8.86726,-0.589342,-0.31105
15,30,-17.3801,-9.17813,-0.589367,-0.310697
15,31,-17.9695,-9.48883,-0.589441,-0.310703
15,32,-18.5589,-9.79957,-0.589463,-0.31078
15,33,-19.1484,-10.1104,-0.589415,-0.310852
15,34,-19.7377,-10.4213,-0.589319,-0.31091
15,35,-20.327,-10.7322,-0.589219,-0.310982
15,36,-20.9162,-11.0432,-0.589165,-0.311056
15,37,-21.5054,-11.3543,-0.589166,-0.311048
15,38,-22.0945,-11.6653,-0.589183,-0.311055
15,39,-22.6837,-11.9764,-0.58918,-0.311067
15,40,-23.2729,-12.2875,-0.589173,-0.311072
15,41,-23.8621,-12.5985,-0.589168,-0.311082
15,42,-24.4512,-12.9096,-0.589191,-0.311081
15,43,-25.0404,-13.2207,-0.589189,-0.311081
15,44,-25.6296,-13.5318,-0.589187,-0.31108
20,0,-11.0917,6.90913,0.0691969,-1.35663
20,1,-12.5225,7.0525,-2.9308,1.64337
20,2,-15.7749,8.49757,-3.57417,1.24679
20,3,-17.8491,9.32961,-0.574168,0.417285
20,4,-16.9233,9.89922,2.42583,0.721938
20,5,-14.2389,9.4796,2.94287,-1.56118
20,6,-11.5583,7.04585,2.41834,-3.30631
20,7,-8.99949,3.70511,2.69932,-3.37518
20,8,-6.54268,0.654388,2.21431,-2.72627
20,9,-4.69513,-1.63547,1.48079,-1.85344
20,10,-3.5216,-3.17079,0.866272,-1.2172
20,11,-2.99166,-4.06433,0.193603,-0.569894
20,12,-3.03779,-4.43043,-0.285865,-0.1623
20,13,-3.44804,-4.51433,-0.53464,-0.00551031
20,14,-4.02177,-4.51868,-0.612819,-0.00318504
20,15,-4.62245,-4.55594,-0.588527,-0.0713212
20,16,-5.17587,-4.66934,-0.518325,-0.155488
20,17,-5.65845,-4.8578,-0.446832,-0.221422
20,18,-6.08046,-5.09754,-0.397188,-0.258063
20,19,-6.46191,-5.36579,-0.365702,-0.278449
20,20,-6.81631,-5.65216,-0.343097,-0.294277
20,21,-7.15561,-5.9461,-0.335515,-0.293601
20,22,-7.4893,-6.23901,-0.331861,-0.292233
20,23,-7.8182,-6.53396,-0.325933,-0.297655
20,24,-8.14649,-6.83293,-0.330653,-0.300283
20,25,-8.48177,-7.1308,-0.339901,-0.295457
20,26,-8.8207,-7.42568,-0.337974,-0.294305
20,27,-9.15854,-7.72042,-0.337691,-0.295182
20,28,-9.49625,-8.01506,-0.337732,-0.294105
20,29,-9.83375,-8.30901,-0.337277,-0.293777
20,30,-10.1713,-8.60229,-0.337834,-0.292793
20,31,-10.5095,-8.8946,-0.338459,-0.291823
20,32,-10.848,-9.18621,-0.338667,-0.291396
20,33,-11.1867,-9.47752,-0.338756,-0.291218
20,34,-11.5255,-9.76877,-0.338801,-0.291285
20,35,-11.8643,-10.0602,-0.338774,-0.291502
20,36,-12.2031,-10.3517,-0.338775,-0.29156
20,37,-12.5418,-10.6432,-0.338628,-0.291522
20,38,-12.8804,-10.9348,-0.338573,-0.291525
20,39,-13.219,-11.2263,-0.338613,-0.291532
20,40,-13.5576,-11.5178,-0.338637,-0.291557
20,41,-13.8962,-11.8094,-0.338643,-0.291565
20,42,-14.2349,-12.101,-0.338637,-0.291597
20,43,-14.5735,-12.3926,-0.338626,-0.291607
20,44,-14.9121,-12.6842,-0.338621,-0.291605
25,0,-14.239,9.47961,2.94288,-1.56118
25,1,-12.7961,9.10558,-0.0571167,0.81312
25,2,-14.3532,10.9208,-3.05712,2.81726
25,3,-15.9103,12.7945,-0.0571167,0.930179
25,4,-14.8956,13.0438,2.08663,-0.431552
25,5,-12.4526,11.9224,2.79927,-1.8113
25,6,-9.6402,9.53225,2.82556,-2.96897
25,7,-6.54156,6.43148,3.37171,-3.23257
25,8,-3.41474,3.54869,2.88194,-2.53301
25,9,-0.834368,1.39371,2.2788,-1.77694
25,10,1.08624,-0.0127213,1.56241,-1.03592
25,11,2.33034,-0.74589,0.925808,-0.430413
25,12,3.02486,-0.979742,0.463229,-0.037292
25,13,3.3371,-0.901409,0.161243,0.193959
25,14,3.43747,-0.677555,0.039506,0.253749
25,15,3.47424,-0.439569,0.0340394,0.222222
25,16,3.53719,-0.249238,0.0918625,0.158439
25,17,3.65541,-0.110494,0.144562,0.119049
25,18,3.80729,-0.00111896,0.159202,0.0997011
25,19,3.99086,0.0690659,0.207932,0.0406687
25,20,4.23494,0.0785803,0.280231,-0.02164
25,21,4.51387,0.054655,0.277636,-0.0262106
25,22,4.79016,0.0334813,0.274947,-0.0161368
25,23,5.06608,0.020973,0.276888,-0.00887983
25,24,5.34409,0.0131043,0.27914,-0.00685743
25,25,5.62208,0.00655094,0.276838,-0.00624936
25,26,5.89794,0.00187689,0.274879,-0.00309875
25,27,6.17244,-0.000271306,0.274113,-0.00119764
25,28,6.44636,-0.000939894,0.273725,-0.000139534
25,29,6.71949,-0.000941579,0.272546,0.000136164
25,30,6.99169,-0.000854443,0.271846,3.81085e-05
25,31,7.2634,-0.000839942,0.271585,-9.10609e-06
25,32,7.53496,-0.000771974,0.271523,0.000145042
25,33,7.80652,-0.000611967,0.271593,0.000174971
25,34,8.07811,-0.000400144,0.271587,0.000248676
25,35,8.34973,-0.000178147,0.271657,0.000195317
25,36,8.62142,-1.93989e-05,0.271726,0.000122179
25,37,8.89317,3.65522e-05,0.271764,-1.02768e-05
25,38,9.16495,5.709e-06,0.27181,-5.14095e-05
25,39,9.43677,-1.61545e-05,0.271833,7.68258e-06
25,40,9.70861,-2.36947e-07,0.271849,2.41525e-05
25,41,9.98046,1.68689e-05,0.271839,1.00593e-05
25,42,10.2523,2.54691e-05,0.271873,7.14107e-06
25,43,10.5242,2.41268e-05,0.271883,-9.82575e-06
25,44,10.7961,1.17739e-05,0.271881,-1.488e-05
30,0,-12.4526,11.9224,2.79928,-1.8113
30,1,-10.3459,11.6111,1.41412,1.1887
30,2,-10.4318,13.9653,-1.58588,3.51966
30,3,-11.6436,15.9849,-0.837736,0.51966
30,4,-11.9403,15.2416,0.244439,-2.00636
30,5,-11.0866,12.6362,1.463,-3.20445
30,6,-8.81946,9.65717,3.07119,-2.7536
30,7,-5.65471,6.668,3.25832,-3.22472
30,8,-2.76487,3.69412,2.52136,-2.72305
30,9,-0.633834,1.2869,1.74071,-2.09138
30,10,0.785574,-0.473373,1.0981,-1.42916
30,11,1.60342,-1.60024,0.537588,-0.824571
30,12,1.95399,-2.1795,0.163554,-0.333949
30,13,2.04063,-2.37307,0.00972804,-0.0531851
30,14,2.02119,-2.36573,-0.0486095,0.0678677
30,15,1.97408,-2.29687,-0.0456016,0.0698502
30,16,1.93104,-2.2464,-0.0404955,0.0310909
30,17,1.90051,-2.22617,-0.0205525,0.00935571
30,18,1.90251,-2.2335,0.0245511,-0.0240128
30,19,1.94928,-2.27581,0.0689883,-0.0606082
30,20,2.03046,-2.34958,0.0933786,-0.086929
30,21,2.13378,-2.44787,0.113247,-0.109647
30,22,2.25247,-2.56731,0.124148,-0.129227
30,23,2.37688,-2.70181,0.124665,-0.139776
30,24,2.50103,-2.83954,0.12363,-0.135683
30,25,2.6224,-2.97444,0.119119,-0.134116
30,26,2.73926,-3.1092,0.114588,-0.135419
30,27,2.85241,-3.24415,0.111715,-0.13448
30,28,2.96356,-3.37737,0.110585,-0.131964
30,29,3.07441,-3.50824,0.111113,-0.129766
30,30,3.18595,-3.63765,0.111978,-0.129046
30,31,3.29821,-3.76662,0.112531,-0.128899
30,32,3.41071,-3.89542,0.112474,-0.128705
30,33,3.523,-4.02399,0.112097,-0.128442
30,34,3.63489,-4.15235,0.111699,-0.128278
30,35,3.74646,-4.28065,0.111441,-0.128308
30,36,3.8579,-4.40893,0.111437,-0.128267
30,37,3.96952,-4.53713,0.111798,-0.128128
30,38,4.08139,-4.66525,0.111936,-0.128115
30,39,4.19329,-4.79341,0.111883,-0.128188
30,40,4.30515,-4.92163,0.111834,-0.128252
30,41,4.41698,-5.0499,0.111813,-0.128297
30,42,4.52879,-5.17822,0.111813,-0.12834
30,43,4.64061,-5.30656,0.111821,-0.128353
30,44,4.75243,-5.43492,0.111829,-0.128353
35,0,-11.0866,12.6362,1.46301,-3.20445
35,1,-10.0914,10.9318,0.527423,-0.204454
35,2,-11.0639,12.2273,-2.47258,2.79555
35,3,-12.7786,14.3855,-0.95675,1.5209
35,4,-12.7149,15.2356,1.08423,0.179257
35,5,-11.361,14.6249,1.62345,-1.40067
35,6,-9.30698,13.1405,2.48466,-1.56819
35,7,-6.74361,11.3366,2.64208,-2.03961
35,8,-4.30162,9.43718,2.2419,-1.75919
35,9,-2.29442,7.86911,1.77249,-1.37696
35,10,-0.772958,6.73337,1.27044,-0.894528
35,11,0.212489,6.13865,0.700451,-0.294903
35,12,0.661775,6.10969,0.198122,0.236974
35,13,0.708469,6.52101,-0.104735,0.585681
35,14,0.532804,7.20504,-0.246596,0.782365
35,15,0.269049,8.02598,-0.280913,0.85953
35,16,0.00258765,8.8838,-0.252011,0.856101
35,17,-0.221492,9.71695,-0.196149,0.810202
35,18,-0.386447,10.4959,-0.13376,0.747609
35,19,-0.491809,11.2137,-0.0769644,0.688153
35,20,-0.549626,11.8827,-0.0386715,0.649806
35,21,-0.584493,12.5143,-0.0310616,0.613311
35,22,-0.611285,13.1221,-0.0225234,0.602281
35,23,-0.631893,13.7254,-0.0186915,0.604366
35,24,-0.651113,14.3319,-0.019748,0.608703
35,25,-0.672587,14.9432,-0.0232005,0.613916
35,26,-0.695366,15.557,-0.0223577,0.613586
35,27,-0.717692,16.1713,-0.0222951,0.615056
35,28,-0.740826,16.7862,-0.0239719,0.614774
35,29,-0.764984,17.4008,-0.024345,0.61444
35,30,-0.789686,18.0155,-0.025058,0.614865
35,31,-0.8156,18.6309,-0.0267693,0.61589
35,32,-0.842947,19.247,-0.0279263,0.616344
35,33,-0.871226,19.8634,-0.0286311,0.616489
35,34,-0.899705,20.4799,-0.0283275,0.616536
35,35,-0.927811,21.0965,-0.027883,0.616699
35,36,-0.955613,21.7132,-0.0277222,0.616683
35,37,-0.983421,22.3297,-0.0278937,0.616217
35,38,-1.01134,22.9459,-0.0279368,0.616214
35,39,-1.03926,23.5621,-0.0279123,0.6163
35,40,-1.06712,24.1784,-0.027799,0.616279
35,41,-1.09489,24.7947,-0.0277575,0.616271
35,42,-1.12263,25.411,-0.0277175,0.616272
35,43,-1.15034,26.0272,-0.0276988,0.616257
35,44,-1.17804,26.6435,-0.0276956,0.616245
40,0,-11.3611,14.6249,1.62346,-1.40066
40,1,-10.1607,13.7805,0.777238,-0.288126
40,2,-10.8835,14.7154,-2.22276,2.15792
40,3,-12.7833,15.8093,-1.57691,0.0298549
40,4,-13.926,14.8106,-0.708477,-2.0274
40,5,-13.6563,12.6087,1.2479,-2.37627
40,6,-12.0491,9.92845,1.96659,-2.98428
40,7,-9.43697,6.34714,3.25759,-4.17834
40,8,-6.59622,2.90973,2.42391,-2.69647
40,9,-4.43852,0.724709,1.89149,-1.67357
40,10,-3.10455,-0.304756,0.776451,-0.385361
40,11,-2.64569,-0.541157,0.141275,-0.0874409
40,12,-2.63064,-0.667374,-0.111183,-0.164994
40,13,-2.86374,-0.755554,-0.355021,-0.0113656
40,14,-3.27575,-0.702839,-0.469001,0.116795
40,15,-3.75472,-0.562398,-0.488937,0.164087
40,16,-4.23281,-0.400066,-0.467239,0.160576
40,17,-4.68115,-0.25345,-0.429442,0.132658
40,18,-5.09422,-0.137522,-0.396704,0.0991967
40,19,-5.47295,-0.0556996,-0.360745,0.0644489
40,20,-5.81979,-0.00680337,-0.332946,0.0333436
40,21,-6.14709,0.0153287,-0.321643,0.0109205
40,22,-6.46715,0.023101,-0.31848,0.00462426
40,23,-6.78165,0.0254812,-0.310513,0.00013596
40,24,-7.0922,0.0226451,-0.310598,-0.00580812
40,25,-7.40252,0.0175734,-0.310047,-0.00433524
40,26,-7.71283,0.0130711,-0.310563,-0.00466936
40,27,-8.02408,0.00842883,-0.311938,-0.00461517
40,28,-8.33649,0.0042839,-0.312883,-0.00367468
40,29,-8.64991,0.00139775,-0.313964,-0.00209763
40,30,-8.96423,-0.000184384,-0.314673,-0.00106663
40,31,-9.27894,-0.000861527,-0.31475,-0.000287658
40,32,-9.59364,-0.000892215,-0.314638,0.000226283
40,33,-9.90822,-0.000593318,-0.314536,0.000371511
40,34,-10.2227,-0.000317867,-0.314405,0.000179391
40,35,-10.5371,-0.000230327,-0.314447,-4.30983e-06
40,36,-10.8517,-0.000264599,-0.314623,-6.42356e-05
40,37,-11.1664,-0.000377556,-0.314861,-0.000161677
40,38,-11.4811,-0.000425649,-0.314519,6.54893e-05
40,39,-11.7956,-0.000309728,-0.314492,0.000166354
40,40,-12.1101,-0.00015031,-0.314574,0.000152483
40,41,-12.4247,-2.76202e-05,-0.314592,9.28965e-05
40,42,-12.7393,4.68513e-05,-0.314566,5.60465e-05
40,43,-13.0538,6.785e-05,-0.314553,-1.4049e-05
40,44,-13.3684,4.40757e-05,-0.314539,-3.34998e-05
45,0,-13.6563,12.6087,1.24789,-2.37627
45,1,-12.8225,10.6632,0.419739,-1.51481
45,2,-13.9028,10.6484,-2.58026,1.48519
45,3,-15.3794,12.0631,-0.372906,1.34418
45,4,-14.6862,12.8146,1.75926,0.158854
45,5,-12.7018,12.1407,2.20954,-1.50662
45,6,-10.2895,10.0625,2.61501,-2.64977
45,7,-7.38248,7.2757,3.19902,-2.92388
45,8,-4.416,4.60895,2.73394,-2.40963
45,9,-1.94851,2.49748,2.20103,-1.81331
45,10,-0.097679,1.00365,1.50063,-1.17435
45,11,1.11128,0.0921442,0.917282,-0.648661
45,12,1.80705,-0.364544,0.474261,-0.264715
45,13,2.13348,-0.504027,0.178597,-0.0142496
45,14,2.22314,-0.443619,0.000727475,0.135065
45,15,2.17893,-0.271941,-0.0891398,0.208291
45,16,2.07868,-0.0577343,-0.111365,0.220123
45,17,1.97778,0.149333,-0.0904418,0.19401
45,18,1.91382,0.315562,-0.0374668,0.138448
45,19,1.90498,0.43437,0.0197924,0.0991685
45,20,1.94571,0.514364,0.0616534,0.0608196
45,21,2.02237,0.560749,0.0916734,0.0319501
45,22,2.12243,0.586124,0.108438,0.0187991
45,23,2.23543,0.602447,0.117575,0.0138472
45,24,2.35555,0.618814,0.122661,0.0188879
45,25,2.47582,0.639757,0.117887,0.0229965
45,26,2.58933,0.661861,0.109115,0.0212116
45,27,2.69818,0.685309,0.108592,0.0256849
45,28,2.80631,0.712443,0.107673,0.028583
45,29,2.91326,0.741147,0.106232,0.0288254
45,30,3.01982,0.769156,0.10689,0.0271932
45,31,3.12667,0.795905,0.106794,0.0263049
45,32,3.23308,0.82225,0.106041,0.0263851
45,33,3.33913,0.848813,0.106045,0.0267405
45,34,3.4451,0.875737,0.105895,0.0271078
45,35,3.55101,0.902958,0.105934,0.0273326
45,36,3.65692,0.930281,0.105888,0.0273139
45,37,3.76276,0.95748,0.105797,0.0270845
45,38,3.86858,0.984486,0.105832,0.0269269
45,39,3.97445,1.01137,0.105912,0.0268409
45,40,4.08037,1.03823,0.105931,0.0268867
45,41,4.1863,1.06513,0.105931,0.0269156
45,42,4.29226,1.09209,0.105978,0.0269854
45,43,4.39824,1.11907,0.105984,0.0269853
45,44,4.50422,1.14605,0.105985,0.026972
50,0,-12.7018,12.1407,2.20955,-1.50662
50,1,-11.3207,10.9111,0.552747,-0.952568
50,2,-12.2679,11.4586,-2.44725,2.04743
50,3,-13.8221,12.8936,-0.661038,0.822663
50,4,-13.7519,12.7681,0.801349,-1.07375
50,5,-12.2133,11.4439,2.27579,-1.57454
50,6,-9.9401,9.43542,2.27067,-2.4425
50,7,-7.42702,6.84635,2.75548,-2.73564
50,8,-4.80923,4.3101,2.48011,-2.33686
50,9,-2.51308,2.21661,2.11218,-1.85013
50,10,-0.69537,0.673761,1.52325,-1.23556
50,11,0.57599,-0.318604,1.01947,-0.749168
50,12,1.32901,-0.823127,0.486571,-0.259878
50,13,1.62884,-0.920501,0.113085,0.0651308
50,14,1.63958,-0.780351,-0.0916083,0.215168
50,15,1.50711,-0.547021,-0.173339,0.251492
50,16,1.33293,-0.309569,-0.175015,0.223411
50,17,1.17701,-0.113516,-0.136828,0.168695
50,18,1.06868,0.0226004,-0.0798299,0.103538
50,19,1.02462,0.0920387,-0.0082948,0.0353382
50,20,1.03976,0.116796,0.0385796,0.0141766
50,21,1.08524,0.128224,0.0523795,0.00867848
50,22,1.13842,0.137557,0.0539937,0.00998727
50,23,1.19645,0.144693,0.062056,0.00428667
50,24,1.25825,0.147847,0.0615381,0.00202011
50,25,1.3196,0.148736,0.0611709,-0.00024098
50,26,1.38043,0.146668,0.0604788,-0.0038967
50,27,1.44273,0.14683,0.0641317,0.00422111
50,28,1.50475,0.15069,0.0599005,0.00350029
50,29,1.56466,0.153347,0.0599335,0.00181301
50,30,1.62384,0.155732,0.0584261,0.00295602
50,31,1.68174,0.15942,0.0573587,0.00442028
50,32,1.73876,0.16456,0.0566872,0.00586088
50,33,1.79541,0.170658,0.0566066,0.0063335
50,34,1.85207,0.176864,0.0567276,0.00607948
50,35,1.90875,0.182733,0.0566328,0.00565904
50,36,1.96538,0.188314,0.0566171,0.00550263
50,37,2.02216,0.193872,0.0569479,0.00561387
50,38,2.07909,0.199507,0.0569034,0.00565556
50,39,2.13598,0.205146,0.0568832,0.00562308
50,40,2.19289,0.210729,0.0569314,0.00554277
50,41,2.24983,0.216257,0.0569587,0.00551191
50,42,2.30679,0.221753,0.0569597,0.00548015
50,43,2.36375,0.227225,0.0569634,0.00546515
50,44,2.42072,0.232687,0.0569696,0.00545787
55,0,-12.2134,11.444,2.27578,-1.57454
55,1,-10.0975,11.1138,1.95593,0.91412
55,2,-9.64157,13.479,-1.04407,3.81631
55,3,-10.8793,15.7953,-1.43133,0.816311
55,4,-11.6632,15.4258,-0.136455,-1.55531
55,5,-11.2119,13.2822,1.03899,-2.73192
55,6,-9.15435,10.8889,3.0761,-2.05467
55,7,-5.90594,8.50789,3.42071,-2.7073
55,8,-2.93473,5.97933,2.52171,-2.34982
55,9,-0.805383,3.87636,1.73699,-1.85612
55,10,0.568188,2.36977,1.01016,-1.15707
55,11,1.34222,1.48116,0.537907,-0.62015
55,12,1.70259,1.07242,0.182838,-0.197334
55,13,1.75003,1.03469,-0.0879538,0.121874
55,14,1.60048,1.25617,-0.211151,0.321092
55,15,1.3934,1.61341,-0.203019,0.393389
55,16,1.21847,2.0061,-0.146841,0.391994
55,17,1.10364,2.38389,-0.0828184,0.363576
55,18,1.0536,2.73085,-0.0172633,0.330353
55,19,1.06989,3.04261,0.0498618,0.293168
55,20,1.15496,3.29843,0.120268,0.218472
55,21,1.25593,3.50672,0.0816769,0.198091
55,22,1.32517,3.70219,0.0568044,0.192856
55,23,1.38131,3.88991,0.0554655,0.182583
55,24,1.44184,4.07244,0.0656082,0.182483
55,25,1.51108,4.25744,0.0728663,0.187507
55,26,1.5829,4.44317,0.0707749,0.183961
55,27,1.653,4.62649,0.0694233,0.182676
55,28,1.72185,4.80981,0.0682724,0.183963
55,29,1.78975,4.99476,0.0675291,0.18594
55,30,1.8568,5.18149,0.0665718,0.187527
55,31,1.92273,5.36956,0.0652875,0.188614
55,32,1.9877,5.55828,0.0646607,0.188816
55,33,2.05234,5.74698,0.0646108,0.188587
55,34,2.11697,5.93549,0.0646462,0.188424
55,35,2.18179,6.12395,0.0650053,0.188508
55,36,2.24693,6.31254,0.0652625,0.188675
55,37,2.31217,6.50122,0.0652146,0.188679
55,38,2.37728,6.68978,0.0650054,0.18843
55,39,2.44225,6.8782,0.0649384,0.188424
55,40,2.50721,7.06665,0.0649821,0.18846
55,41,2.57223,7.25511,0.065058,0.188462
55,42,2.6373,7.44356,0.065087,0.188442
55,43,2.70241,7.632,0.0651297,0.188435
55,44,2.76755,7.82043,0.0651471,0.18843
60,0,-11.2119,13.2822,1.03899,-2.73192
60,1,-10.6766,10.8221,0.0316293,-2.1882
60,2,-12.145,10.1339,-2.96837,0.8118
60,3,-14.2399,11.5991,-1.22148,2.11844
60,4,-14.5706,12.8584,0.560123,0.400257
60,5,-13.7449,12.3634,1.09125,-1.39019
60,6,-12.1686,10.0246,2.06129,-3.28744
60,7,-9.5481,6.52483,3.17975,-3.71214
60,8,-6.70574,3.33242,2.50498,-2.6727
60,9,-4.39725,1.0556,2.11199,-1.88093
60,10,-2.63286,-0.367283,1.4168,-0.964834
60,11,-1.486,-1.01812,0.876926,-0.336849
60,12,-0.842445,-1.14001,0.410185,0.0930818
60,13,-0.608811,-0.919172,0.0570842,0.348592
60,14,-0.675572,-0.524404,-0.190607,0.440943
60,15,-0.947346,-0.0926674,-0.352942,0.422531
60,16,-1.33537,0.282729,-0.423112,0.32826
60,17,-1.73883,0.540882,-0.383794,0.188046
60,18,-2.05165,0.642474,-0.241844,0.0151385
60,19,-2.27161,0.682977,-0.198084,0.0658659
60,20,-2.45206,0.751761,-0.162814,0.0717026
60,21,-2.60556,0.817981,-0.14418,0.0607374
60,22,-2.74371,0.872375,-0.132123,0.0480507
60,23,-2.87211,0.91463,-0.124685,0.0364595
60,24,-2.99802,0.947127,-0.127142,0.0285348
60,25,-3.12666,0.976672,-0.130126,0.0305545
60,26,-3.25534,1.01026,-0.127238,0.0366125
60,27,-3.38337,1.04803,-0.128818,0.0389309
60,28,-3.5133,1.08736,-0.131046,0.0397385
60,29,-3.64484,1.12763,-0.132033,0.0408038
60,30,-3.77693,1.16807,-0.13215,0.0400799
60,31,-3.90912,1.20825,-0.132225,0.0402794
60,32,-4.04134,1.24857,-0.132217,0.0403562
60,33,-4.17366,1.28929,-0.132434,0.0410705
60,34,-4.30627,1.33044,-0.132779,0.0412456
60,35,-4.43909,1.37164,-0.132861,0.041151
60,36,-4.57193,1.4128,-0.132811,0.0411582
60,37,-4.70466,1.45397,-0.132645,0.0411858
60,38,-4.83724,1.49513,-0.132531,0.0411398
60,39,-4.96977,1.53623,-0.132512,0.0410678
60,40,-5.10228,1.57729,-0.132513,0.0410381
60,41,-5.23479,1.61832,-0.132518,0.0410202
60,42,-5.36732,1.65933,-0.132534,0.0409989
60,43,-5.49985,1.70031,-0.132527,0.0409736
60,44,-5.63237,1.74128,-0.132521,0.040954
65,0,-13.7449,12.3635,1.09125,-1.3902
65,1,-13.2923,10.5684,-0.186019,-2.19986
65,2,-14.9783,9.86858,-3.18602,0.800142
65,3,-16.6643,11.1741,-0.186019,1.81094
65,4,-15.6314,12.4793,2.25195,0.799382
65,5,-13.6853,12.0784,1.64017,-1.60122
65,6,-11.9775,9.77203,1.77539,-3.01143
65,7,-9.75448,6.50835,2.67072,-3.51595
65,8,-7.23457,3.39352,2.36908,-2.71371
65,9,-5.00039,0.993031,2.09928,-2.08726
65,10,-3.2079,-0.72001,1.48569,-1.33882
65,11,-2.02751,-1.7518,0.875103,-0.72476
65,12,-1.46454,-2.19875,0.250821,-0.169148
65,13,-1.43975,-2.20927,-0.201223,0.148115
65,14,-1.77216,-2.00411,-0.463613,0.262209
65,15,-2.28085,-1.75262,-0.553766,0.240775
65,16,-2.81758,-1.55279,-0.519685,0.158881
65,17,-3.30371,-1.43411,-0.45257,0.0784862
65,18,-3.72508,-1.39804,-0.390174,-0.00635892
65,19,-4.08244,-1.43937,-0.324553,-0.0763018
65,20,-4.38352,-1.52714,-0.27761,-0.0992376
65,21,-4.65373,-1.62118,-0.262809,-0.0888362
65,22,-4.90671,-1.71821,-0.243155,-0.10523
65,23,-5.14709,-1.81963,-0.237605,-0.097601
65,24,-5.38429,-1.91368,-0.236793,-0.090499
65,25,-5.62161,-2.00322,-0.237845,-0.0885845
65,26,-5.8624,-2.09289,-0.243722,-0.0907658
65,27,-6.10587,-2.18293,-0.243236,-0.0892989
65,28,-6.34907,-2.27123,-0.243145,-0.0873186
65,29,-6.59277,-2.35776,-0.244259,-0.0857269
65,30,-6.83731,-2.44334,-0.244824,-0.0854352
65,31,-7.08256,-2.52884,-0.245689,-0.0855583
65,32,-7.32861,-2.61437,-0.246396,-0.0855188
65,33,-7.57503,-2.69989,-0.24645,-0.0855056
65,34,-7.8214,-2.78533,-0.246289,-0.0853804
65,35,-8.06771,-2.87072,-0.24634,-0.0854097
65,36,-8.31407,-2.95612,-0.24638,-0.0853837
65,37,-8.56043,-3.0415,-0.246338,-0.0853734
65,38,-8.80672,-3.12694,-0.24624,-0.0854993
65,39,-9.05288,-3.21252,-0.246073,-0.0856626
65,40,-9.29894,-3.2982,-0.246054,-0.0857083
65,41,-9.545,-3.3839,-0.246064,-0.0856885
65,42,-9.79107,-3.46958,-0.246076,-0.0856713
65,43,-10.0371,-3.55525,-0.246064,-0.0856702
65,44,-10.2832,-3.64092,-0.246042,-0.0856712
70,0,-13.6853,12.0784,1.64018,-1.60122
70,1,-12.0284,11.0356,1.67369,-0.484349
70,2,-11.8547,12.0512,-1.32631,2.51565
70,3,-13.003,13.7769,-0.97032,0.935689
70,4,-13.1748,14.1437,0.626756,-0.202094
70,5,-11.9224,13.6645,1.8781,-0.756407
70,6,-9.46053,12.5536,3.04563,-1.46529
70,7,-5.89631,10.3914,4.08281,-2.85911
70,8,-2.41498,7.84156,2.87984,-2.24061
70,9,0.0818617,5.72877,2.11385,-1.98497
70,10,1.67935,4.09054,1.08113,-1.29149
70,11,2.44639,3.05914,0.452942,-0.771323
70,12,2.64607,2.56905,-0.0535735,-0.208856
70,13,2.45121,2.61323,-0.336137,0.297214
70,14,2.14933,3.02212,-0.267637,0.520569
70,15,1.94524,3.55495,-0.140527,0.545084
70,16,1.83725,4.0787,-0.075461,0.502428
70,17,1.78199,4.55401,-0.0350606,0.448181
70,18,1.76689,4.976,0.00485489,0.395815
70,19,1.79078,5.35049,0.0429238,0.353159
70,20,1.84625,5.69172,0.0680208,0.329299
70,21,1.92093,6.015,0.0813362,0.317261
70,22,2.00558,6.32871,0.0879665,0.310155
70,23,2.09427,6.63871,0.0894249,0.309847
70,24,2.18995,6.94237,0.10192,0.29747
70,25,2.29377,7.24186,0.105723,0.301519
70,26,2.39899,7.54336,0.104728,0.301483
70,27,2.50324,7.84487,0.103769,0.301537
70,28,2.60645,8.14896,0.102635,0.306647
70,29,2.70887,8.45534,0.102207,0.306114
70,30,2.81012,8.76163,0.100292,0.306461
70,31,2.90989,9.0682,0.0992536,0.306682
70,32,3.00849,9.37522,0.0979535,0.307342
70,33,3.10648,9.68263,0.0980193,0.307483
70,34,3.20467,9.99016,0.098358,0.307577
70,35,3.30313,10.2977,0.098564,0.307561
70,36,3.40165,10.6052,0.0984821,0.307458
70,37,3.50014,10.9127,0.0985021,0.307545
70,38,3.59862,11.2203,0.0984532,0.307529
70,39,3.69705,11.5278,0.0984055,0.307521
70,40,3.79549,11.8353,0.0984823,0.307469
70,41,3.894,12.1428,0.0985363,0.307442
70,42,3.99256,12.4502,0.0985865,0.307426
70,43,4.09116,12.7576,0.0986091,0.307412
70,44,4.18977,13.065,0.0986061,0.307386
75,0,-11.9224,13.6645,1.8781,-0.756411
75,1,-9.36371,13.9159,3.23932,1.25928
75,2,-7.62439,16.2464,0.239322,3.40172
75,3,-8.88506,18.1482,-2.76068,0.401724
75,4,-11.1889,17.0697,-1.84696,-2.5587
75,5,-11.5358,14.6637,1.15304,-2.25329
75,6,-8.96004,12.363,3.99855,-2.34814
75,7,-4.99464,9.63555,3.93225,-3.10668
75,8,-1.62246,6.89276,2.8121,-2.3789
75,9,0.696537,4.81621,1.8259,-1.7742
75,10,2.15948,3.39769,1.09998,-1.06284
75,11,3.00729,2.60667,0.595641,-0.5192
75,12,3.43353,2.30103,0.256837,-0.0920808
75,13,3.59091,2.35612,0.0579317,0.20226
75,14,3.59888,2.65752,-0.0419956,0.400553
75,15,3.55179,3.10961,-0.0521802,0.503611
75,16,3.52588,3.628,0.000345272,0.533174
75,17,3.56877,4.1527,0.085449,0.516229
75,18,3.6903,4.65423,0.15761,0.486836
75,19,3.88983,5.11155,0.241443,0.427796
75,20,4.15863,5.51641,0.29616,0.381926
75,21,4.46963,5.86426,0.325841,0.31378
75,22,4.77103,6.17514,0.276956,0.307978
75,23,5.04486,6.48545,0.270712,0.312648
75,24,5.31426,6.79929,0.268084,0.315015
75,25,5.582,7.11184,0.267385,0.310098
75,26,5.84936,7.42024,0.267338,0.306686
75,27,6.11526,7.72792,0.264459,0.308685
75,28,6.37827,8.0384,0.261576,0.312269
75,29,6.63981,8.3517,0.261494,0.314329
75,30,6.90149,8.66642,0.261869,0.315127
75,31,7.16385,8.98138,0.262858,0.314783
75,32,7.42625,9.29629,0.26193,0.31504
75,33,7.68801,9.61146,0.261586,0.315298
75,34,7.94954,9.92689,0.261489,0.315558
75,35,8.21094,10.2424,0.261297,0.315503
75,36,8.47218,10.5578,0.261195,0.315339
75,37,8.73342,10.8732,0.261285,0.315326
75,38,8.99476,11.1885,0.261385,0.315291
75,39,9.25614,11.5038,0.261378,0.31526
75,40,9.51752,11.819,0.261393,0.315228
75,41,9.77893,12.1342,0.261426,0.315206
75,42,10.0404,12.4494,0.261465,0.315179
75,43,10.3019,12.7646,0.261494,0.31515
75,44,10.5634,13.0797,0.261508,0.315148
80,0,-11.5359,14.6637,1.15305,-2.2533
80,1,-10.4361,12.9522,1.04653,-1.16978
80,2,-10.8895,13.2824,-1.95347,1.83022
80,3,-12.6072,14.1059,-1.48192,-0.183248
80,4,-13.4328,13.059,-0.169227,-1.91043
80,5,-12.7662,11.0522,1.50238,-2.10324
80,6,-11.0189,8.76374,1.99226,-2.4737
80,7,-8.82338,5.73762,2.3988,-3.57853
80,8,-6.58262,2.45991,2.08273,-2.9769
80,9,-4.60608,-0.322346,1.87035,-2.58761
80,10,-2.98601,-2.46834,1.36977,-1.70438
80,11,-1.92172,-3.82327,0.758811,-1.00547
80,12,-1.46272,-4.57088,0.159183,-0.489758
80,13,-1.50827,-4.9327,-0.250279,-0.233875
80,14,-1.86437,-5.11358,-0.46191,-0.127888
80,15,-2.35835,-5.22784,-0.52606,-0.100631
80,16,-2.86955,-5.34325,-0.496327,-0.130196
80,17,-3.32752,-5.50326,-0.419628,-0.189824
80,18,-3.71031,-5.71037,-0.345942,-0.224383
80,19,-4.03604,-5.9448,-0.305516,-0.244488
80,20,-4.32255,-6.23168,-0.267506,-0.329273
80,21,-4.57487,-6.56877,-0.23714,-0.344896
80,22,-4.80622,-6.91641,-0.22555,-0.350385
80,23,-5.02714,-7.27037,-0.216289,-0.35754
80,24,-5.2428,-7.62729,-0.215026,-0.356302
80,25,-5.46626,-7.97832,-0.231895,-0.345748
80,26,-5.69796,-8.3207,-0.231505,-0.33902
80,27,-5.92776,-8.65848,-0.228097,-0.336528
80,28,-6.15689,-8.99301,-0.230165,-0.33253
80,29,-6.38608,-9.32948,-0.228216,-0.340428
80,30,-6.61508,-9.67062,-0.229791,-0.341834
80,31,-6.84544,-10.0122,-0.230917,-0.341323
80,32,-7.07696,-10.353,-0.232136,-0.340276
80,33,-7.30929,-10.6929,-0.232508,-0.33946
80,34,-7.54179,-11.0322,-0.232503,-0.339184
80,35,-7.7742,-11.3713,-0.232324,-0.339028
80,36,-8.00651,-11.7103,-0.232296,-0.339031
80,37,-8.23881,-12.0494,-0.232292,-0.339177
80,38,-8.47108,-12.3887,-0.232261,-0.339369
80,39,-8.70332,-12.7281,-0.2322,-0.339424
80,40,-8.93549,-13.0675,-0.232141,-0.339423
80,41,-9.16761,-13.4069,-0.232116,-0.339402
80,42,-9.39971,-13.7463,-0.232079,-0.339411
80,43,-9.63179,-14.0858,-0.23208,-0.339416
80,44,-9.86387,-14.4252,-0.232085,-0.339419
85,0,-12.7663,11.0522,1.50237,-2.10324
85,1,-11.5655,9.90108,0.899089,-0.199059
85,2,-12.1664,11.202,-2.10091,2.80094
85,3,-13.3474,12.8472,-0.261005,0.489444
85,4,-12.669,12.7978,1.61781,-0.588233
85,5,-11.1466,11.1482,1.42688,-2.711
85,6,-9.27359,8.51171,2.31923,-2.562
85,7,-6.78938,5.72207,2.64919,-3.01728
85,8,-4.35407,2.85927,2.22141,-2.70831
85,9,-2.39668,0.356039,1.69338,-2.29816
85,10,-1.02651,-1.62847,1.04695,-1.67087
85,11,-0.226672,-3.03359,0.552727,-1.13936
85,12,0.136085,-3.95599,0.172786,-0.705438
85,13,0.170092,-4.49223,-0.104772,-0.367058
85,14,-0.00183239,-4.76886,-0.239078,-0.186203
85,15,-0.24922,-4.92554,-0.255697,-0.127151
85,16,-0.487048,-5.05888,-0.21996,-0.139523
85,17,-0.683123,-5.21823,-0.172189,-0.179187
85,18,-0.829859,-5.42332,-0.121283,-0.230987
85,19,-0.93456,-5.67821,-0.0881187,-0.278784
85,20,-1.01461,-5.97069,-0.071983,-0.306186
85,21,-1.08162,-6.28113,-0.0620274,-0.314702
85,22,-1.14095,-6.59757,-0.0566408,-0.318169
85,23,-1.19473,-6.91945,-0.0509099,-0.32559
85,24,-1.24255,-7.24754,-0.0447412,-0.3306
85,25,-1.28827,-7.57701,-0.0466935,-0.32834
85,26,-1.33726,-7.90626,-0.051281,-0.330142
85,27,-1.38962,-8.23718,-0.0534433,-0.331713
85,28,-1.44299,-8.56907,-0.0532927,-0.332055
85,29,-1.49636,-8.90034,-0.0534521,-0.330485
85,30,-1.55003,-9.2298,-0.0538866,-0.328449
85,31,-1.60403,-9.55778,-0.0541285,-0.327506
85,32,-1.65824,-9.8851,-0.0542734,-0.327128
85,33,-1.71257,-10.2121,-0.0543991,-0.326958
85,34,-1.76699,-10.5391,-0.0544364,-0.327003
85,35,-1.82146,-10.8662,-0.054506,-0.327083
85,36,-1.87597,-11.1933,-0.0545177,-0.327141
85,37,-1.93049,-11.5204,-0.0545227,-0.327191
85,38,-1.98502,-11.8476,-0.0545381,-0.327199
85,39,-2.03949,-12.1748,-0.0543958,-0.327137
85,40,-2.09389,-12.5019,-0.0543944,-0.327122
85,41,-2.14829,-12.8291,-0.0544146,-0.327155
85,42,-2.2027,-13.1562,-0.0544062,-0.327198
85,43,-2.25711,-13.4835,-0.0544063,-0.327218
85,44,-2.3115,-13.8107,-0.0543766,-0.327241
