k,stage,disk,a0,a1,b
1,0,0,0.999978,0.00666652,-7.99971
1,0,1,0.957173,0.289517,-4.39678
1,0,2,0.966866,-0.255284,-4.11568
1,1,0,0.999911,0.0133321,-7.99911
1,1,1,0.926022,0.377468,-4.11172
1,1,2,0.944562,-0.328332,-3.91147
1,2,0,-0.999958,0.00919435,5.99989
1,2,1,0.341768,0.939784,-0.677481
1,2,2,0.542561,-0.840016,-1.55668
1,3,0,-0.999993,0.00361391,6.00003
1,3,1,-0.83968,0.543082,3.56942
1,3,2,-0.812378,-0.583131,3.11584
1,4,0,-0.999996,0.00283385,6.00003
1,4,1,-0.923772,0.382944,3.63971
1,4,2,-0.918193,-0.396134,3.20574
1,5,0,-0.999996,0.00271409,6.00003
1,5,1,-0.93285,0.360265,3.63782
1,5,2,-0.92883,-0.370506,3.20353
1,6,0,-0.999996,0.00276054,6.00003
1,6,1,-0.929433,0.368991,3.63887
1,6,2,-0.924848,-0.380337,3.20475
1,7,0,-0.999996,0.00282148,6.00003
1,7,1,-0.92475,0.380575,3.63964
1,7,2,-0.919348,-0.393445,3.20566
1,8,0,-0.999996,0.00285432,6.00003
1,8,1,-0.92213,0.38688,3.63977
1,8,2,-0.91625,-0.400608,3.2058
1,9,0,-0.999996,0.00286328,6.00003
1,9,1,-0.921404,0.388607,3.63976
1,9,2,-0.915388,-0.402572,3.2058
1,10,0,-0.999996,0.00286206,6.00003
1,10,1,-0.921503,0.388371,3.63977
1,10,2,-0.915506,-0.402304,3.2058
1,11,0,-0.999996,0.00285919,6.00003
1,11,1,-0.921735,0.387819,3.63977
1,11,2,-0.915782,-0.401676,3.2058
1,12,0,-0.999996,0.00285747,6.00003
1,12,1,-0.921875,0.387487,3.63977
1,12,2,-0.915948,-0.401298,3.2058
1,13,0,-0.999996,0.00285691,6.00003
1,13,1,-0.921921,0.387378,3.63977
1,13,2,-0.916002,-0.401174,3.2058
1,14,0,-0.999996,0.0028569,6.00003
1,14,1,-0.921922,0.387377,3.63977
1,14,2,-0.916003,-0.401172,3.2058
1,15,0,-0.999996,0.00285702,6.00003
1,15,1,-0.921912,0.3874,3.63977
1,15,2,-0.915991,-0.401199,3.2058
1,16,0,-0.999996,0.0028571,6.00003
1,16,1,-0.921905,0.387417,3.63977
1,16,2,-0.915983,-0.401218,3.2058
1,17,0,-0.999996,0.00285714,6.00003
1,17,1,-0.921902,0.387423,3.63977
1,17,2,-0.915979,-0.401225,3.2058
1,18,0,-0.999996,0.00285714,6.00003
1,18,1,-0.921902,0.387424,3.63977
1,18,2,-0.915979,-0.401226,3.2058
1,19,0,-0.999996,0.00285714,6.00003
1,19,1,-0.921902,0.387423,3.63977
1,19,2,-0.91598,-0.401225,3.2058
1,20,0,-0.999996,0.00285713,6.00003
1,20,1,-0.921903,0.387422,3.63977
1,20,2,-0.91598,-0.401224,3.2058
1,21,0,-0.999996,0.00285713,6.00003
1,21,1,-0.921903,0.387422,3.63977
1,21,2,-0.91598,-0.401224,3.2058
1,22,0,-0.999996,0.00285713,6.00003
1,22,1,-0.921903,0.387421,3.63977
1,22,2,-0.91598,-0.401224,3.2058
1,23,0,-0.999996,0.00285713,6.00003
1,23,1,-0.921903,0.387422,3.63977
1,23,2,-0.91598,-0.401224,3.2058
1,24,0,-0.999996,0.00285713,6.00003
1,24,1,-0.921903,0.387422,3.63977
1,24,2,-0.91598,-0.401224,3.2058
1,25,0,-0.999996,0.00285713,6.00003
1,25,1,-0.921903,0.387422,3.63977
1,25,2,-0.91598,-0.401224,3.2058
1,26,0,-0.999996,0.00285713,6.00003
1,26,1,-0.921903,0.387422,3.63977
1,26,2,-0.91598,-0.401224,3.2058
1,27,0,-0.999996,0.00285713,6.00003
1,27,1,-0.921903,0.387422,3.63977
1,27,2,-0.91598,-0.401224,3.2058
1,28,0,-0.999996,0.00285713,6.00003
1,28,1,-0.921903,0.387422,3.63977
1,28,2,-0.91598,-0.401224,3.2058
1,29,0,-0.999996,0.00285713,6.00003
1,29,1,-0.921903,0.387422,3.63977
1,29,2,-0.91598,-0.401224,3.2058
1,30,0,-0.999996,0.00285713,6.00003
1,30,1,-0.921903,0.387422,3.63977
1,30,2,-0.91598,-0.401224,3.2058
1,31,0,-0.999996,0.00285713,6.00003
1,31,1,-0.921903,0.387422,3.63977
1,31,2,-0.91598,-0.401224,3.2058
1,32,0,-0.999996,0.00285713,6.00003
1,32,1,-0.921903,0.387422,3.63977
1,32,2,-0.91598,-0.401224,3.2058
1,33,0,-0.999996,0.00285713,6.00003
1,33,1,-0.921903,0.387422,3.63977
1,33,2,-0.91598,-0.401224,3.2058
1,34,0,-0.999996,0.00285713,6.00003
1,34,1,-0.921903,0.387422,3.63977
1,34,2,-0.91598,-0.401224,3.2058
1,35,0,-0.999996,0.00285713,6.00003
1,35,1,-0.921903,0.387422,3.63977
1,35,2,-0.91598,-0.401224,3.2058
1,36,0,-0.999996,0.00285713,6.00003
1,36,1,-0.921903,0.387422,3.63977
1,36,2,-0.91598,-0.401224,3.2058
1,37,0,-0.999996,0.00285713,6.00003
1,37,1,-0.921903,0.387422,3.63977
1,37,2,-0.91598,-0.401224,3.2058
1,38,0,-0.999996,0.00285713,6.00003
1,38,1,-0.921903,0.387422,3.63977
1,38,2,-0.91598,-0.401224,3.2058
1,39,0,-0.999996,0.00285713,6.00003
1,39,1,-0.921903,0.387422,3.63977
1,39,2,-0.91598,-0.401224,3.2058
1,40,0,-0.999996,0.00285713,6.00003
1,40,1,-0.921903,0.387422,3.63977
1,40,2,-0.91598,-0.401224,3.2058
1,41,0,-0.999996,0.00285713,6.00003
1,41,1,-0.921903,0.387422,3.63977
1,41,2,-0.91598,-0.401224,3.2058
1,42,0,-0.999996,0.00285713,6.00003
1,42,1,-0.921903,0.387422,3.63977
1,42,2,-0.91598,-0.401224,3.2058
1,43,0,-0.999996,0.00285713,6.00003
1,43,1,-0.921903,0.387422,3.63977
1,43,2,-0.91598,-0.401224,3.2058
1,44,0,-0.999996,0.00285713,6.00003
1,44,1,-0.921903,0.387422,3.63977
1,44,2,-0.91598,-0.401224,3.2058
2,0,0,0.999925,0.0122317,-7.99334
2,0,1,0.934537,0.355866,-4.18649
2,0,2,0.948053,-0.318114,-3.93428
2,1,0,-0.999964,0.00849168,5.99399
2,1,1,0.378187,0.925729,-0.934433
2,1,2,0.562736,-0.826637,-1.68167
2,2,0,-0.999994,0.0033322,5.99411
2,2,1,-0.850682,0.52568,3.49966
2,2,2,-0.817776,-0.575537,3.07574
2,3,0,-0.999997,0.00261233,5.99411
2,3,1,-0.930359,0.366651,3.56658
2,3,2,-0.92158,-0.388189,3.16421
2,4,0,-0.999997,0.00250185,5.99411
2,4,1,-0.938798,0.344468,3.56482
2,4,2,-0.931884,-0.362757,3.16206
2,5,0,-0.999997,0.0025447,5.99411
2,5,1,-0.935626,0.352994,3.56579
2,5,2,-0.92803,-0.372506,3.16324
2,6,0,-0.999997,0.00260092,5.99411
2,6,1,-0.93127,0.36433,3.56651
2,6,2,-0.9227,-0.385518,3.16412
2,7,0,-0.999997,0.00263123,5.99411
2,7,1,-0.928829,0.370509,3.56663
2,7,2,-0.919695,-0.392634,3.16427
2,8,0,-0.999997,0.00263949,5.99411
2,8,1,-0.928152,0.372202,3.56663
2,8,2,-0.918859,-0.394587,3.16426
2,9,0,-0.999997,0.00263836,5.99411
2,9,1,-0.928244,0.371971,3.56663
2,9,2,-0.918973,-0.39432,3.16426
2,10,0,-0.999997,0.00263572,5.99411
2,10,1,-0.928461,0.371429,3.56663
2,10,2,-0.919241,-0.393696,3.16427
2,11,0,-0.999997,0.00263413,5.99411
2,11,1,-0.928592,0.371103,3.56663
2,11,2,-0.919402,-0.39332,3.16427
2,12,0,-0.999997,0.00263361,5.99411
2,12,1,-0.928634,0.370997,3.56663
2,12,2,-0.919454,-0.393197,3.16427
2,13,0,-0.999997,0.0026336,5.99411
2,13,1,-0.928635,0.370995,3.56663
2,13,2,-0.919455,-0.393195,3.16427
2,14,0,-0.999997,0.00263371,5.99411
2,14,1,-0.928626,0.371018,3.56663
2,14,2,-0.919444,-0.393222,3.16427
2,15,0,-0.999997,0.00263379,5.99411
2,15,1,-0.928619,0.371035,3.56663
2,15,2,-0.919436,-0.393241,3.16427
2,16,0,-0.999997,0.00263382,5.99411
2,16,1,-0.928617,0.371041,3.56663
2,16,2,-0.919432,-0.393248,3.16427
2,17,0,-0.999997,0.00263383,5.99411
2,17,1,-0.928616,0.371042,3.56663
2,17,2,-0.919432,-0.393249,3.16427
2,18,0,-0.999997,0.00263382,5.99411
2,18,1,-0.928617,0.371041,3.56663
2,18,2,-0.919433,-0.393248,3.16427
2,19,0,-0.999997,0.00263382,5.99411
2,19,1,-0.928617,0.37104,3.56663
2,19,2,-0.919433,-0.393247,3.16427
2,20,0,-0.999997,0.00263382,5.99411
2,20,1,-0.928617,0.37104,3.56663
2,20,2,-0.919433,-0.393246,3.16427
2,21,0,-0.999997,0.00263382,5.99411
2,21,1,-0.928617,0.371039,3.56663
2,21,2,-0.919433,-0.393246,3.16427
2,22,0,-0.999997,0.00263382,5.99411
2,22,1,-0.928617,0.37104,3.56663
2,22,2,-0.919433,-0.393246,3.16427
2,23,0,-0.999997,0.00263382,5.99411
2,23,1,-0.928617,0.37104,3.56663
2,23,2,-0.919433,-0.393246,3.16427
2,24,0,-0.999997,0.00263382,5.99411
2,24,1,-0.928617,0.37104,3.56663
2,24,2,-0.919433,-0.393246,3.16427
2,25,0,-0.999997,0.00263382,5.99411
2,25,1,-0.928617,0.37104,3.56663
2,25,2,-0.919433,-0.393246,3.16427
2,26,0,-0.999997,0.00263382,5.99411
2,26,1,-0.928617,0.37104,3.56663
2,26,2,-0.919433,-0.393246,3.16427
2,27,0,-0.999997,0.00263382,5.99411
2,27,1,-0.928617,0.37104,3.56663
2,27,2,-0.919433,-0.393246,3.16427
2,28,0,-0.999997,0.00263382,5.99411
2,28,1,-0.928617,0.37104,3.56663
2,28,2,-0.919433,-0.393246,3.16427
2,29,0,-0.999997,0.00263382,5.99411
2,29,1,-0.928617,0.37104,3.56663
2,29,2,-0.919433,-0.393246,3.16427
2,30,0,-0.999997,0.00263382,5.99411
2,30,1,-0.928617,0.37104,3.56663
2,30,2,-0.919433,-0.393246,3.16427
2,31,0,-0.999997,0.00263382,5.99411
2,31,1,-0.928617,0.37104,3.56663
2,31,2,-0.919433,-0.393246,3.16427
2,32,0,-0.999997,0.00263382,5.99411
2,32,1,-0.928617,0.37104,3.56663
2,32,2,-0.919433,-0.393246,3.16427
2,33,0,-0.999997,0.00263382,5.99411
2,33,1,-0.928617,0.37104,3.56663
2,33,2,-0.919433,-0.393246,3.16427
2,34,0,-0.999997,0.00263382,5.99411
2,34,1,-0.928617,0.37104,3.56663
2,34,2,-0.919433,-0.393246,3.16427
2,35,0,-0.999997,0.00263382,5.99411
2,35,1,-0.928617,0.37104,3.56663
2,35,2,-0.919433,-0.393246,3.16427
2,36,0,-0.999997,0.00263382,5.99411
2,36,1,-0.928617,0.37104,3.56663
2,36,2,-0.919433,-0.393246,3.16427
2,37,0,-0.999997,0.00263382,5.99411
2,37,1,-0.928617,0.37104,3.56663
2,37,2,-0.919433,-0.393246,3.16427
2,38,0,-0.999997,0.00263382,5.99411
2,38,1,-0.928617,0.37104,3.56663
2,38,2,-0.919433,-0.393246,3.16427
2,39,0,-0.999997,0.00263382,5.99411
2,39,1,-0.928617,0.37104,3.56663
2,39,2,-0.919433,-0.393246,3.16427
2,40,0,-0.999997,0.00263382,5.99411
2,40,1,-0.928617,0.37104,3.56663
2,40,2,-0.919433,-0.393246,3.16427
2,41,0,-0.999997,0.00263382,5.99411
2,41,1,-0.928617,0.37104,3.56663
2,41,2,-0.919433,-0.393246,3.16427
2,42,0,-0.999997,0.00263382,5.99411
2,42,1,-0.928617,0.37104,3.56663
2,42,2,-0.919433,-0.393246,3.16427
2,43,0,-0.999997,0.00263382,5.99411
2,43,1,-0.928617,0.37104,3.56663
2,43,2,-0.919433,-0.393246,3.16427
2,44,0,-0.999997,0.00263382,5.99411
2,44,1,-0.928617,0.37104,3.56663
2,44,2,-0.919433,-0.393246,3.16427
3,0,0,-0.999979,0.00643933,5.98865
3,0,1,0.418787,0.908085,-1.22663
3,0,2,0.577966,-0.816061,-1.77771
3,1,0,-0.999997,0.00252299,5.98872
3,1,1,-0.864819,0.502084,3.43144
3,1,2,-0.822439,-0.568854,3.04688
3,2,0,-0.999998,0.00197753,5.98872
3,2,1,-0.938282,0.345872,3.49348
3,2,2,-0.924352,-0.38154,3.13395
3,3,0,-0.999998,0.00189383,5.98872
3,3,1,-0.945897,0.324466,3.49189
3,3,2,-0.93437,-0.356305,3.13187
3,4,0,-0.999998,0.00192629,5.98872
3,4,1,-0.943039,0.332683,3.49277
3,4,2,-0.930625,-0.365973,3.13301
3,5,0,-0.999998,0.00196888,5.98872
3,5,1,-0.939106,0.343628,3.49342
3,5,2,-0.925443,-0.378887,3.13387
3,6,0,-0.999998,0.00199184,5.98872
3,6,1,-0.936898,0.349604,3.49352
3,6,2,-0.922518,-0.385955,3.13401
3,7,0,-0.999998,0.0019981,5.98872
3,7,1,-0.936285,0.351242,3.49352
3,7,2,-0.921704,-0.387894,3.134
3,8,0,-0.999998,0.00199724,5.98872
3,8,1,-0.936369,0.351018,3.49352
3,8,2,-0.921815,-0.38763,3.13401
3,9,0,-0.999998,0.00199524,5.98872
3,9,1,-0.936565,0.350494,3.49352
3,9,2,-0.922076,-0.387009,3.13401
3,10,0,-0.999998,0.00199404,5.98872
3,10,1,-0.936683,0.350179,3.49352
3,10,2,-0.922232,-0.386636,3.13401
3,11,0,-0.999998,0.00199365,5.98872
3,11,1,-0.936721,0.350076,3.49352
3,11,2,-0.922284,-0.386514,3.13401
3,12,0,-0.999998,0.00199364,5.98872
3,12,1,-0.936722,0.350074,3.49352
3,12,2,-0.922284,-0.386512,3.13401
3,13,0,-0.999998,0.00199372,5.98872
3,13,1,-0.936714,0.350097,3.49352
3,13,2,-0.922273,-0.386538,3.13401
3,14,0,-0.999998,0.00199378,5.98872
3,14,1,-0.936708,0.350112,3.49352
3,14,2,-0.922265,-0.386557,3.13401
3,15,0,-0.999998,0.00199381,5.98872
3,15,1,-0.936705,0.350118,3.49352
3,15,2,-0.922262,-0.386564,3.13401
3,16,0,-0.999998,0.00199381,5.98872
3,16,1,-0.936705,0.350119,3.49352
3,16,2,-0.922262,-0.386565,3.13401
3,17,0,-0.999998,0.00199381,5.98872
3,17,1,-0.936706,0.350118,3.49352
3,17,2,-0.922263,-0.386564,3.13401
3,18,0,-0.999998,0.0019938,5.98872
3,18,1,-0.936706,0.350117,3.49352
3,18,2,-0.922263,-0.386563,3.13401
3,19,0,-0.999998,0.0019938,5.98872
3,19,1,-0.936706,0.350117,3.49352
3,19,2,-0.922263,-0.386563,3.13401
3,20,0,-0.999998,0.0019938,5.98872
3,20,1,-0.936706,0.350117,3.49352
3,20,2,-0.922263,-0.386563,3.13401
3,21,0,-0.999998,0.0019938,5.98872
3,21,1,-0.936706,0.350117,3.49352
3,21,2,-0.922263,-0.386563,3.13401
3,22,0,-0.999998,0.0019938,5.98872
3,22,1,-0.936706,0.350117,3.49352
3,22,2,-0.922263,-0.386563,3.13401
3,23,0,-0.999998,0.0019938,5.98872
3,23,1,-0.936706,0.350117,3.49352
3,23,2,-0.922263,-0.386563,3.13401
3,24,0,-0.999998,0.0019938,5.98872
3,24,1,-0.936706,0.350117,3.49352
3,24,2,-0.922263,-0.386563,3.13401
3,25,0,-0.999998,0.0019938,5.98872
3,25,1,-0.936706,0.350117,3.49352
3,25,2,-0.922263,-0.386563,3.13401
3,26,0,-0.999998,0.0019938,5.98872
3,26,1,-0.936706,0.350117,3.49352
3,26,2,-0.922263,-0.386563,3.13401
3,27,0,-0.999998,0.0019938,5.98872
3,27,1,-0.936706,0.350117,3.49352
3,27,2,-0.922263,-0.386563,3.13401
3,28,0,-0.999998,0.0019938,5.98872
3,28,1,-0.936706,0.350117,3.49352
3,28,2,-0.922263,-0.386563,3.13401
3,29,0,-0.999998,0.0019938,5.98872
3,29,1,-0.936706,0.350117,3.49352
3,29,2,-0.922263,-0.386563,3.13401
3,30,0,-0.999998,0.0019938,5.98872
3,30,1,-0.936706,0.350117,3.49352
3,30,2,-0.922263,-0.386563,3.13401
3,31,0,-0.999998,0.0019938,5.98872
3,31,1,-0.936706,0.350117,3.49352
3,31,2,-0.922263,-0.386563,3.13401
3,32,0,-0.999998,0.0019938,5.98872
3,32,1,-0.936706,0.350117,3.49352
3,32,2,-0.922263,-0.386563,3.13401
3,33,0,-0.999998,0.0019938,5.98872
3,33,1,-0.936706,0.350117,3.49352
3,33,2,-0.922263,-0.386563,3.13401
3,34,0,-0.999998,0.0019938,5.98872
3,34,1,-0.936706,0.350117,3.49352
3,34,2,-0.922263,-0.386563,3.13401
3,35,0,-0.999998,0.0019938,5.98872
3,35,1,-0.936706,0.350117,3.49352
3,35,2,-0.922263,-0.386563,3.13401
3,36,0,-0.999998,0.0019938,5.98872
3,36,1,-0.936706,0.350117,3.49352
3,36,2,-0.922263,-0.386563,3.13401
3,37,0,-0.999998,0.0019938,5.98872
3,37,1,-0.936706,0.350117,3.49352
3,37,2,-0.922263,-0.386563,3.13401
3,38,0,-0.999998,0.0019938,5.98872
3,38,1,-0.936706,0.350117,3.49352
3,38,2,-0.922263,-0.386563,3.13401
3,39,0,-0.999998,0.0019938,5.98872
3,39,1,-0.936706,0.350117,3.49352
3,39,2,-0.922263,-0.386563,3.13401
3,40,0,-0.999998,0.0019938,5.98872
3,40,1,-0.936706,0.350117,3.49352
3,40,2,-0.922263,-0.386563,3.13401
3,41,0,-0.999998,0.0019938,5.98872
3,41,1,-0.936706,0.350117,3.49352
3,41,2,-0.922263,-0.386563,3.13401
3,42,0,-0.999998,0.0019938,5.98872
3,42,1,-0.936706,0.350117,3.49352
3,42,2,-0.922263,-0.386563,3.13401
3,43,0,-0.999998,0.0019938,5.98872
3,43,1,-0.936706,0.350117,3.49352
3,43,2,-0.922263,-0.386563,3.13401
3,44,0,-0.999998,0.0019938,5.98872
3,44,1,-0.936706,0.350117,3.49352
3,44,2,-0.922263,-0.386563,3.13401
4,0,0,-0.999999,0.00131325,5.98434
4,0,1,-0.879495,0.475908,3.37305
4,0,2,-0.829639,-0.558301,3.02331
4,1,0,-0.999999,0.00102915,5.98434
4,1,1,-0.946088,0.323911,3.42958
4,1,2,-0.928165,-0.37217,3.1077
4,2,0,-1,0.000985569,5.98434
4,2,1,-0.95285,0.303443,3.42817
4,2,2,-0.937747,-0.347318,3.10571
4,3,0,-0.999999,0.00100247,5.98434
4,3,1,-0.950315,0.311291,3.42895
4,3,2,-0.934168,-0.356834,3.1068
4,4,0,-0.999999,0.00102465,5.98434
4,4,1,-0.946821,0.321762,3.42952
4,4,2,-0.929209,-0.369555,3.10762
4,5,0,-0.999999,0.00103661,5.98434
4,5,1,-0.944856,0.327487,3.42962
4,5,2,-0.926408,-0.376522,3.10776
4,6,0,-0.999999,0.00103987,5.98434
4,6,1,-0.94431,0.329057,3.42962
4,6,2,-0.925628,-0.378435,3.10775
4,7,0,-0.999999,0.00103942,5.98434
4,7,1,-0.944385,0.328843,3.42962
4,7,2,-0.925734,-0.378174,3.10776
4,8,0,-0.999999,0.00103838,5.98434
4,8,1,-0.944559,0.328341,3.42962
4,8,2,-0.925984,-0.377562,3.10776
4,9,0,-0.999999,0.00103775,5.98434
4,9,1,-0.944664,0.328038,3.42962
4,9,2,-0.926134,-0.377194,3.10776
4,10,0,-0.999999,0.00103755,5.98434
4,10,1,-0.944699,0.327939,3.42962
4,10,2,-0.926183,-0.377074,3.10776
4,11,0,-0.999999,0.00103754,5.98434
4,11,1,-0.944699,0.327938,3.42962
4,11,2,-0.926184,-0.377072,3.10776
4,12,0,-0.999999,0.00103759,5.98434
4,12,1,-0.944692,0.327959,3.42962
4,12,2,-0.926173,-0.377098,3.10776
4,13,0,-0.999999,0.00103762,5.98434
4,13,1,-0.944687,0.327974,3.42962
4,13,2,-0.926166,-0.377116,3.10776
4,14,0,-0.999999,0.00103763,5.98434
4,14,1,-0.944685,0.32798,3.42962
4,14,2,-0.926163,-0.377123,3.10776
4,15,0,-0.999999,0.00103763,5.98434
4,15,1,-0.944684,0.327981,3.42962
4,15,2,-0.926163,-0.377124,3.10776
4,16,0,-0.999999,0.00103763,5.98434
4,16,1,-0.944685,0.32798,3.42962
4,16,2,-0.926163,-0.377123,3.10776
4,17,0,-0.999999,0.00103763,5.98434
4,17,1,-0.944685,0.327979,3.42962
4,17,2,-0.926163,-0.377122,3.10776
4,18,0,-0.999999,0.00103763,5.98434
4,18,1,-0.944685,0.327979,3.42962
4,18,2,-0.926164,-0.377122,3.10776
4,19,0,-0.999999,0.00103763,5.98434
4,19,1,-0.944685,0.327979,3.42962
4,19,2,-0.926164,-0.377122,3.10776
4,20,0,-0.999999,0.00103763,5.98434
4,20,1,-0.944685,0.327979,3.42962
4,20,2,-0.926164,-0.377122,3.10776
4,21,0,-0.999999,0.00103763,5.98434
4,21,1,-0.944685,0.327979,3.42962
4,21,2,-0.926164,-0.377122,3.10776
4,22,0,-0.999999,0.00103763,5.98434
4,22,1,-0.944685,0.327979,3.42962
4,22,2,-0.926164,-0.377122,3.10776
4,23,0,-0.999999,0.00103763,5.98434
4,23,1,-0.944685,0.327979,3.42962
4,23,2,-0.926164,-0.377122,3.10776
4,24,0,-0.999999,0.00103763,5.98434
4,24,1,-0.944685,0.327979,3.42962
4,24,2,-0.926164,-0.377122,3.10776
4,25,0,-0.999999,0.00103763,5.98434
4,25,1,-0.944685,0.327979,3.42962
4,25,2,-0.926164,-0.377122,3.10776
4,26,0,-0.999999,0.00103763,5.98434
4,26,1,-0.944685,0.327979,3.42962
4,26,2,-0.926164,-0.377122,3.10776
4,27,0,-0.999999,0.00103763,5.98434
4,27,1,-0.944685,0.327979,3.42962
4,27,2,-0.926164,-0.377122,3.10776
4,28,0,-0.999999,0.00103763,5.98434
4,28,1,-0.944685,0.327979,3.42962
4,28,2,-0.926164,-0.377122,3.10776
4,29,0,-0.999999,0.00103763,5.98434
4,29,1,-0.944685,0.327979,3.42962
4,29,2,-0.926164,-0.377122,3.10776
4,30,0,-0.999999,0.00103763,5.98434
4,30,1,-0.944685,0.327979,3.42962
4,30,2,-0.926164,-0.377122,3.10776
4,31,0,-0.999999,0.00103763,5.98434
4,31,1,-0.944685,0.327979,3.42962
4,31,2,-0.926164,-0.377122,3.10776
4,32,0,-0.999999,0.00103763,5.98434
4,32,1,-0.944685,0.327979,3.42962
4,32,2,-0.926164,-0.377122,3.10776
4,33,0,-0.999999,0.00103763,5.98434
4,33,1,-0.944685,0.327979,3.42962
4,33,2,-0.926164,-0.377122,3.10776
4,34,0,-0.999999,0.00103763,5.98434
4,34,1,-0.944685,0.327979,3.42962
4,34,2,-0.926164,-0.377122,3.10776
4,35,0,-0.999999,0.00103763,5.98434
4,35,1,-0.944685,0.327979,3.42962
4,35,2,-0.926164,-0.377122,3.10776
4,36,0,-0.999999,0.00103763,5.98434
4,36,1,-0.944685,0.327979,3.42962
4,36,2,-0.926164,-0.377122,3.10776
4,37,0,-0.999999,0.00103763,5.98434
4,37,1,-0.944685,0.327979,3.42962
4,37,2,-0.926164,-0.377122,3.10776
4,38,0,-0.999999,0.00103763,5.98434
4,38,1,-0.944685,0.327979,3.42962
4,38,2,-0.926164,-0.377122,3.10776
4,39,0,-0.999999,0.00103763,5.98434
4,39,1,-0.944685,0.327979,3.42962
4,39,2,-0.926164,-0.377122,3.10776
4,40,0,-0.999999,0.00103763,5.98434
4,40,1,-0.944685,0.327979,3.42962
4,40,2,-0.926164,-0.377122,3.10776
4,41,0,-0.999999,0.00103763,5.98434
4,41,1,-0.944685,0.327979,3.42962
4,41,2,-0.926164,-0.377122,3.10776
4,42,0,-0.999999,0.00103763,5.98434
4,42,1,-0.944685,0.327979,3.42962
4,42,2,-0.926164,-0.377122,3.10776
4,43,0,-0.999999,0.00103763,5.98434
4,43,1,-0.944685,0.327979,3.42962
4,43,2,-0.926164,-0.377122,3.10776
4,44,0,-0.999999,0.00103763,5.98434
4,44,1,-0.944685,0.327979,3.42962
4,44,2,-0.926164,-0.377122,3.10776
5,0,0,-1,-8.29664e-05,5.98136
5,0,1,-0.952495,0.304553,3.38141
5,0,2,-0.93416,-0.356856,3.07941
5,1,0,-1,-7.94514e-05,5.98136
5,1,1,-0.958529,0.284994,3.38015
5,1,2,-0.943019,-0.332738,3.07757
5,2,0,-1,-8.08145e-05,5.98136
5,2,1,-0.95627,0.292487,3.38084
5,2,2,-0.939713,-0.341965,3.07858
5,3,0,-1,-8.26034e-05,5.98136
5,3,1,-0.95315,0.302497,3.38136
5,3,2,-0.935126,-0.354316,3.07934
5,4,0,-1,-8.35675e-05,5.98136
5,4,1,-0.951394,0.307976,3.38144
5,4,2,-0.932532,-0.361086,3.07946
5,5,0,-1,-8.38303e-05,5.98136
5,5,1,-0.950906,0.30948,3.38144
5,5,2,-0.93181,-0.362946,3.07946
5,6,0,-1,-8.37945e-05,5.98136
5,6,1,-0.950973,0.309275,3.38144
5,6,2,-0.931909,-0.362692,3.07946
5,7,0,-1,-8.37105e-05,5.98136
5,7,1,-0.951129,0.308794,3.38144
5,7,2,-0.93214,-0.362098,3.07946
5,8,0,-1,-8.36599e-05,5.98136
5,8,1,-0.951223,0.308504,3.38144
5,8,2,-0.932279,-0.361739,3.07946
5,9,0,-1,-8.36433e-05,5.98136
5,9,1,-0.951254,0.30841,3.38144
5,9,2,-0.932325,-0.361622,3.07946
5,10,0,-1,-8.36431e-05,5.98136
5,10,1,-0.951254,0.308408,3.38144
5,10,2,-0.932325,-0.361621,3.07946
5,11,0,-1,-8.36467e-05,5.98136
5,11,1,-0.951247,0.308429,3.38144
5,11,2,-0.932316,-0.361646,3.07946
5,12,0,-1,-8.36492e-05,5.98136
5,12,1,-0.951243,0.308443,3.38144
5,12,2,-0.932309,-0.361664,3.07946
5,13,0,-1,-8.36502e-05,5.98136
5,13,1,-0.951241,0.308449,3.38144
5,13,2,-0.932306,-0.361671,3.07946
5,14,0,-1,-8.36503e-05,5.98136
5,14,1,-0.951241,0.308449,3.38144
5,14,2,-0.932306,-0.361672,3.07946
5,15,0,-1,-8.36501e-05,5.98136
5,15,1,-0.951241,0.308449,3.38144
5,15,2,-0.932306,-0.361671,3.07946
5,16,0,-1,-8.365e-05,5.98136
5,16,1,-0.951241,0.308448,3.38144
5,16,2,-0.932306,-0.36167,3.07946
5,17,0,-1,-8.365e-05,5.98136
5,17,1,-0.951241,0.308448,3.38144
5,17,2,-0.932306,-0.361669,3.07946
5,18,0,-1,-8.36499e-05,5.98136
5,18,1,-0.951241,0.308447,3.38144
5,18,2,-0.932306,-0.361669,3.07946
5,19,0,-1,-8.365e-05,5.98136
5,19,1,-0.951241,0.308448,3.38144
5,19,2,-0.932306,-0.361669,3.07946
5,20,0,-1,-8.365e-05,5.98136
5,20,1,-0.951241,0.308448,3.38144
5,20,2,-0.932306,-0.361669,3.07946
5,21,0,-1,-8.365e-05,5.98136
5,21,1,-0.951241,0.308448,3.38144
5,21,2,-0.932306,-0.361669,3.07946
5,22,0,-1,-8.365e-05,5.98136
5,22,1,-0.951241,0.308448,3.38144
5,22,2,-0.932306,-0.361669,3.07946
5,23,0,-1,-8.365e-05,5.98136
5,23,1,-0.951241,0.308448,3.38144
5,23,2,-0.932306,-0.361669,3.07946
5,24,0,-1,-8.365e-05,5.98136
5,24,1,-0.951241,0.308448,3.38144
5,24,2,-0.932306,-0.361669,3.07946
5,25,0,-1,-8.365e-05,5.98136
5,25,1,-0.951241,0.308448,3.38144
5,25,2,-0.932306,-0.361669,3.07946
5,26,0,-1,-8.365e-05,5.98136
5,26,1,-0.951241,0.308448,3.38144
5,26,2,-0.932306,-0.361669,3.07946
5,27,0,-1,-8.365e-05,5.98136
5,27,1,-0.951241,0.308448,3.38144
5,27,2,-0.932306,-0.361669,3.07946
5,28,0,-1,-8.365e-05,5.98136
5,28,1,-0.951241,0.308448,3.38144
5,28,2,-0.932306,-0.361669,3.07946
5,29,0,-1,-8.365e-05,5.98136
5,29,1,-0.951241,0.308448,3.38144
5,29,2,-0.932306,-0.361669,3.07946
5,30,0,-1,-8.365e-05,5.98136
5,30,1,-0.951241,0.308448,3.38144
5,30,2,-0.932306,-0.361669,3.07946
5,31,0,-1,-8.365e-05,5.98136
5,31,1,-0.951241,0.308448,3.38144
5,31,2,-0.932306,-0.361669,3.07946
5,32,0,-1,-8.365e-05,5.98136
5,32,1,-0.951241,0.308448,3.38144
5,32,2,-0.932306,-0.361669,3.07946
5,33,0,-1,-8.365e-05,5.98136
5,33,1,-0.951241,0.308448,3.38144
5,33,2,-0.932306,-0.361669,3.07946
5,34,0,-1,-8.365e-05,5.98136
5,34,1,-0.951241,0.308448,3.38144
5,34,2,-0.932306,-0.361669,3.07946
5,35,0,-1,-8.365e-05,5.98136
5,35,1,-0.951241,0.308448,3.38144
5,35,2,-0.932306,-0.361669,3.07946
5,36,0,-1,-8.365e-05,5.98136
5,36,1,-0.951241,0.308448,3.38144
5,36,2,-0.932306,-0.361669,3.07946
5,37,0,-1,-8.365e-05,5.98136
5,37,1,-0.951241,0.308448,3.38144
5,37,2,-0.932306,-0.361669,3.07946
5,38,0,-1,-8.365e-05,5.98136
5,38,1,-0.951241,0.308448,3.38144
5,38,2,-0.932306,-0.361669,3.07946
5,39,0,-1,-8.365e-05,5.98136
5,39,1,-0.951241,0.308448,3.38144
5,39,2,-0.932306,-0.361669,3.07946
5,40,0,-1,-8.365e-05,5.98136
5,40,1,-0.951241,0.308448,3.38144
5,40,2,-0.932306,-0.361669,3.07946
5,41,0,-1,-8.365e-05,5.98136
5,41,1,-0.951241,0.308448,3.38144
5,41,2,-0.932306,-0.361669,3.07946
5,42,0,-1,-8.365e-05,5.98136
5,42,1,-0.951241,0.308448,3.38144
5,42,2,-0.932306,-0.361669,3.07946
5,43,0,-1,-8.365e-05,5.98136
5,43,1,-0.951241,0.308448,3.38144
5,43,2,-0.932306,-0.361669,3.07946
5,44,0,-1,-8.365e-05,5.98136
5,44,1,-0.951241,0.308448,3.38144
5,44,2,-0.932306,-0.361669,3.07946
6,0,0,-0.999999,-0.00113253,5.98006
6,0,1,-0.962497,0.271292,3.34923
6,0,2,-0.95017,-0.311733,3.04549
6,1,0,-0.999999,-0.00115196,5.98006
6,1,1,-0.960436,0.278502,3.34986
6,1,2,-0.947245,-0.320509,3.04639
6,2,0,-0.999999,-0.00117747,5.98006
6,2,1,-0.957587,0.288144,3.35033
6,2,2,-0.943184,-0.332272,3.04706
6,3,0,-0.999999,-0.00119121,5.98006
6,3,1,-0.955982,0.293427,3.3504
6,3,2,-0.940884,-0.338729,3.04717
6,4,0,-0.999999,-0.00119496,5.98006
6,4,1,-0.955535,0.294877,3.3504
6,4,2,-0.940243,-0.340504,3.04717
6,5,0,-0.999999,-0.00119445,5.98006
6,5,1,-0.955596,0.294679,3.3504
6,5,2,-0.940331,-0.340262,3.04717
6,6,0,-0.999999,-0.00119325,5.98006
6,6,1,-0.955739,0.294215,3.3504
6,6,2,-0.940536,-0.339694,3.04717
6,7,0,-0.999999,-0.00119253,5.98006
6,7,1,-0.955825,0.293936,3.3504
6,7,2,-0.940659,-0.339353,3.04717
6,8,0,-0.999999,-0.00119229,5.98006
6,8,1,-0.955853,0.293845,3.3504
6,8,2,-0.9407,-0.339241,3.04717
6,9,0,-0.999999,-0.00119229,5.98006
6,9,1,-0.955854,0.293843,3.3504
6,9,2,-0.9407,-0.339239,3.04717
6,10,0,-0.999999,-0.00119234,5.98006
6,10,1,-0.955848,0.293863,3.3504
6,10,2,-0.940691,-0.339263,3.04717
6,11,0,-0.999999,-0.00119238,5.98006
6,11,1,-0.955843,0.293877,3.3504
6,11,2,-0.940685,-0.339281,3.04717
6,12,0,-0.999999,-0.00119239,5.98006
6,12,1,-0.955842,0.293882,3.3504
6,12,2,-0.940683,-0.339287,3.04717
6,13,0,-0.999999,-0.00119239,5.98006
6,13,1,-0.955841,0.293883,3.3504
6,13,2,-0.940683,-0.339288,3.04717
6,14,0,-0.999999,-0.00119239,5.98006
6,14,1,-0.955842,0.293882,3.3504
6,14,2,-0.940683,-0.339287,3.04717
6,15,0,-0.999999,-0.00119239,5.98006
6,15,1,-0.955842,0.293882,3.3504
6,15,2,-0.940683,-0.339286,3.04717
6,16,0,-0.999999,-0.00119239,5.98006
6,16,1,-0.955842,0.293881,3.3504
6,16,2,-0.940683,-0.339286,3.04717
6,17,0,-0.999999,-0.00119239,5.98006
6,17,1,-0.955842,0.293881,3.3504
6,17,2,-0.940683,-0.339286,3.04717
6,18,0,-0.999999,-0.00119239,5.98006
6,18,1,-0.955842,0.293881,3.3504
6,18,2,-0.940683,-0.339286,3.04717
6,19,0,-0.999999,-0.00119239,5.98006
6,19,1,-0.955842,0.293881,3.3504
6,19,2,-0.940683,-0.339286,3.04717
6,20,0,-0.999999,-0.00119239,5.98006
6,20,1,-0.955842,0.293881,3.3504
6,20,2,-0.940683,-0.339286,3.04717
6,21,0,-0.999999,-0.00119239,5.98006
6,21,1,-0.955842,0.293881,3.3504
6,21,2,-0.940683,-0.339286,3.04717
6,22,0,-0.999999,-0.00119239,5.98006
6,22,1,-0.955842,0.293881,3.3504
6,22,2,-0.940683,-0.339286,3.04717
6,23,0,-0.999999,-0.00119239,5.98006
6,23,1,-0.955842,0.293881,3.3504
6,23,2,-0.940683,-0.339286,3.04717
6,24,0,-0.999999,-0.00119239,5.98006
6,24,1,-0.955842,0.293881,3.3504
6,24,2,-0.940683,-0.339286,3.04717
6,25,0,-0.999999,-0.00119239,5.98006
6,25,1,-0.955842,0.293881,3.3504
6,25,2,-0.940683,-0.339286,3.04717
6,26,0,-0.999999,-0.00119239,5.98006
6,26,1,-0.955842,0.293881,3.3504
6,26,2,-0.940683,-0.339286,3.04717
6,27,0,-0.999999,-0.00119239,5.98006
6,27,1,-0.955842,0.293881,3.3504
6,27,2,-0.940683,-0.339286,3.04717
6,28,0,-0.999999,-0.00119239,5.98006
6,28,1,-0.955842,0.293881,3.3504
6,28,2,-0.940683,-0.339286,3.04717
6,29,0,-0.999999,-0.00119239,5.98006
6,29,1,-0.955842,0.293881,3.3504
6,29,2,-0.940683,-0.339286,3.04717
6,30,0,-0.999999,-0.00119239,5.98006
6,30,1,-0.955842,0.293881,3.3504
6,30,2,-0.940683,-0.339286,3.04717
6,31,0,-0.999999,-0.00119239,5.98006
6,31,1,-0.955842,0.293881,3.3504
6,31,2,-0.940683,-0.339286,3.04717
6,32,0,-0.999999,-0.00119239,5.98006
6,32,1,-0.955842,0.293881,3.3504
6,32,2,-0.940683,-0.339286,3.04717
6,33,0,-0.999999,-0.00119239,5.98006
6,33,1,-0.955842,0.293881,3.3504
6,33,2,-0.940683,-0.339286,3.04717
6,34,0,-0.999999,-0.00119239,5.98006
6,34,1,-0.955842,0.293881,3.3504
6,34,2,-0.940683,-0.339286,3.04717
6,35,0,-0.999999,-0.00119239,5.98006
6,35,1,-0.955842,0.293881,3.3504
6,35,2,-0.940683,-0.339286,3.04717
6,36,0,-0.999999,-0.00119239,5.98006
6,36,1,-0.955842,0.293881,3.3504
6,36,2,-0.940683,-0.339286,3.04717
6,37,0,-0.999999,-0.00119239,5.98006
6,37,1,-0.955842,0.293881,3.3504
6,37,2,-0.940683,-0.339286,3.04717
6,38,0,-0.999999,-0.00119239,5.98006
6,38,1,-0.955842,0.293881,3.3504
6,38,2,-0.940683,-0.339286,3.04717
6,39,0,-0.999999,-0.00119239,5.98006
6,39,1,-0.955842,0.293881,3.3504
6,39,2,-0.940683,-0.339286,3.04717
6,40,0,-0.999999,-0.00119239,5.98006
6,40,1,-0.955842,0.293881,3.3504
6,40,2,-0.940683,-0.339286,3.04717
6,41,0,-0.999999,-0.00119239,5.98006
6,41,1,-0.955842,0.293881,3.3504
6,41,2,-0.940683,-0.339286,3.04717
6,42,0,-0.999999,-0.00119239,5.98006
6,42,1,-0.955842,0.293881,3.3504
6,42,2,-0.940683,-0.339286,3.04717
6,43,0,-0.999999,-0.00119239,5.98006
6,43,1,-0.955842,0.293881,3.3504
6,43,2,-0.940683,-0.339286,3.04717
6,44,0,-0.999999,-0.00119239,5.98006
6,44,1,-0.955842,0.293881,3.3504
6,44,2,-0.940683,-0.339286,3.04717
7,0,0,-0.999998,-0.00204109,5.98054
7,0,1,-0.963164,0.268916,3.33224
7,0,2,-0.955683,-0.294397,3.01251
7,1,0,-0.999998,-0.00208628,5.98054
7,1,1,-0.960497,0.278291,3.33269
7,1,2,-0.952227,-0.305392,3.01308
7,2,0,-0.999998,-0.00211063,5.98054
7,2,1,-0.958993,0.283429,3.33276
7,2,2,-0.950267,-0.311437,3.01317
7,3,0,-0.999998,-0.00211727,5.98054
7,3,1,-0.958575,0.284841,3.33275
7,3,2,-0.94972,-0.313099,3.01317
7,4,0,-0.999998,-0.00211636,5.98054
7,4,1,-0.958632,0.284648,3.33276
7,4,2,-0.949795,-0.312872,3.01317
7,5,0,-0.999998,-0.00211424,5.98054
7,5,1,-0.958766,0.284197,3.33276
7,5,2,-0.94997,-0.31234,3.01317
7,6,0,-0.999998,-0.00211296,5.98054
7,6,1,-0.958847,0.283925,3.33276
7,6,2,-0.950075,-0.31202,3.01317
7,7,0,-0.999998,-0.00211255,5.98054
7,7,1,-0.958873,0.283836,3.33276
7,7,2,-0.95011,-0.311916,3.01317
7,8,0,-0.999998,-0.00211254,5.98054
7,8,1,-0.958873,0.283835,3.33276
7,8,2,-0.95011,-0.311914,3.01317
7,9,0,-0.999998,-0.00211263,5.98054
7,9,1,-0.958868,0.283854,3.33276
7,9,2,-0.950103,-0.311937,3.01317
7,10,0,-0.999998,-0.00211269,5.98054
7,10,1,-0.958863,0.283868,3.33276
7,10,2,-0.950098,-0.311953,3.01317
7,11,0,-0.999998,-0.00211272,5.98054
7,11,1,-0.958862,0.283873,3.33276
7,11,2,-0.950096,-0.311959,3.01317
7,12,0,-0.999998,-0.00211272,5.98054
7,12,1,-0.958862,0.283873,3.33276
7,12,2,-0.950095,-0.31196,3.01317
7,13,0,-0.999998,-0.00211272,5.98054
7,13,1,-0.958862,0.283873,3.33276
7,13,2,-0.950096,-0.311959,3.01317
7,14,0,-0.999998,-0.00211271,5.98054
7,14,1,-0.958862,0.283872,3.33276
7,14,2,-0.950096,-0.311958,3.01317
7,15,0,-0.999998,-0.00211271,5.98054
7,15,1,-0.958862,0.283872,3.33276
7,15,2,-0.950096,-0.311958,3.01317
7,16,0,-0.999998,-0.00211271,5.98054
7,16,1,-0.958862,0.283872,3.33276
7,16,2,-0.950096,-0.311958,3.01317
7,17,0,-0.999998,-0.00211271,5.98054
7,17,1,-0.958862,0.283872,3.33276
7,17,2,-0.950096,-0.311958,3.01317
7,18,0,-0.999998,-0.00211271,5.98054
7,18,1,-0.958862,0.283872,3.33276
7,18,2,-0.950096,-0.311958,3.01317
7,19,0,-0.999998,-0.00211271,5.98054
7,19,1,-0.958862,0.283872,3.33276
7,19,2,-0.950096,-0.311958,3.01317
7,20,0,-0.999998,-0.00211271,5.98054
7,20,1,-0.958862,0.283872,3.33276
7,20,2,-0.950096,-0.311958,3.01317
7,21,0,-0.999998,-0.00211271,5.98054
7,21,1,-0.958862,0.283872,3.33276
7,21,2,-0.950096,-0.311958,3.01317
7,22,0,-0.999998,-0.00211271,5.98054
7,22,1,-0.958862,0.283872,3.33276
7,22,2,-0.950096,-0.311958,3.01317
7,23,0,-0.999998,-0.00211271,5.98054
7,23,1,-0.958862,0.283872,3.33276
7,23,2,-0.950096,-0.311958,3.01317
7,24,0,-0.999998,-0.00211271,5.98054
7,24,1,-0.958862,0.283872,3.33276
7,24,2,-0.950096,-0.311958,3.01317
7,25,0,-0.999998,-0.00211271,5.98054
7,25,1,-0.958862,0.283872,3.33276
7,25,2,-0.950096,-0.311958,3.01317
7,26,0,-0.999998,-0.00211271,5.98054
7,26,1,-0.958862,0.283872,3.33276
7,26,2,-0.950096,-0.311958,3.01317
7,27,0,-0.999998,-0.00211271,5.98054
7,27,1,-0.958862,0.283872,3.33276
7,27,2,-0.950096,-0.311958,3.01317
7,28,0,-0.999998,-0.00211271,5.98054
7,28,1,-0.958862,0.283872,3.33276
7,28,2,-0.950096,-0.311958,3.01317
7,29,0,-0.999998,-0.00211271,5.98054
7,29,1,-0.958862,0.283872,3.33276
7,29,2,-0.950096,-0.311958,3.01317
7,30,0,-0.999998,-0.00211271,5.98054
7,30,1,-0.958862,0.283872,3.33276
7,30,2,-0.950096,-0.311958,3.01317
7,31,0,-0.999998,-0.00211271,5.98054
7,31,1,-0.958862,0.283872,3.33276
7,31,2,-0.950096,-0.311958,3.01317
7,32,0,-0.999998,-0.00211271,5.98054
7,32,1,-0.958862,0.283872,3.33276
7,32,2,-0.950096,-0.311958,3.01317
7,33,0,-0.999998,-0.00211271,5.98054
7,33,1,-0.958862,0.283872,3.33276
7,33,2,-0.950096,-0.311958,3.01317
7,34,0,-0.999998,-0.00211271,5.98054
7,34,1,-0.958862,0.283872,3.33276
7,34,2,-0.950096,-0.311958,3.01317
7,35,0,-0.999998,-0.00211271,5.98054
7,35,1,-0.958862,0.283872,3.33276
7,35,2,-0.950096,-0.311958,3.01317
7,36,0,-0.999998,-0.00211271,5.98054
7,36,1,-0.958862,0.283872,3.33276
7,36,2,-0.950096,-0.311958,3.01317
7,37,0,-0.999998,-0.00211271,5.98054
7,37,1,-0.958862,0.283872,3.33276
7,37,2,-0.950096,-0.311958,3.01317
7,38,0,-0.999998,-0.00211271,5.98054
7,38,1,-0.958862,0.283872,3.33276
7,38,2,-0.950096,-0.311958,3.01317
7,39,0,-0.999998,-0.00211271,5.98054
7,39,1,-0.958862,0.283872,3.33276
7,39,2,-0.950096,-0.311958,3.01317
7,40,0,-0.999998,-0.00211271,5.98054
7,40,1,-0.958862,0.283872,3.33276
7,40,2,-0.950096,-0.311958,3.01317
7,41,0,-0.999998,-0.00211271,5.98054
7,41,1,-0.958862,0.283872,3.33276
7,41,2,-0.950096,-0.311958,3.01317
7,42,0,-0.999998,-0.00211271,5.98054
7,42,1,-0.958862,0.283872,3.33276
7,42,2,-0.950096,-0.311958,3.01317
7,43,0,-0.999998,-0.00211271,5.98054
7,43,1,-0.958862,0.283872,3.33276
7,43,2,-0.950096,-0.311958,3.01317
7,44,0,-0.999998,-0.00211271,5.98054
7,44,1,-0.958862,0.283872,3.33276
7,44,2,-0.950096,-0.311958,3.01317
8,0,0,-0.999996,-0.00266495,5.98276
8,0,1,-0.962862,0.269995,3.32113
8,0,2,-0.960629,-0.277835,2.98112
8,1,0,-0.999996,-0.00269605,5.98276
8,1,1,-0.961442,0.275006,3.3212
8,1,2,-0.958993,-0.283429,2.9812
8,2,0,-0.999996,-0.00270453,5.98276
8,2,1,-0.961048,0.276383,3.3212
8,2,2,-0.958537,-0.284969,2.9812
8,3,0,-0.999996,-0.00270337,5.98276
8,3,1,-0.961102,0.276195,3.3212
8,3,2,-0.958599,-0.284759,2.9812
8,4,0,-0.999996,-0.00270066,5.98276
8,4,1,-0.961228,0.275755,3.3212
8,4,2,-0.958745,-0.284266,2.9812
8,5,0,-0.999996,-0.00269903,5.98276
8,5,1,-0.961304,0.27549,3.3212
8,5,2,-0.958833,-0.28397,2.9812
8,6,0,-0.999996,-0.0026985,5.98276
8,6,1,-0.961329,0.275403,3.3212
8,6,2,-0.958862,-0.283873,2.9812
8,7,0,-0.999996,-0.00269849,5.98276
8,7,1,-0.961329,0.275402,3.3212
8,7,2,-0.958862,-0.283872,2.9812
8,8,0,-0.999996,-0.0026986,5.98276
8,8,1,-0.961324,0.275421,3.3212
8,8,2,-0.958856,-0.283892,2.9812
8,9,0,-0.999996,-0.00269868,5.98276
8,9,1,-0.96132,0.275434,3.3212
8,9,2,-0.958852,-0.283907,2.9812
8,10,0,-0.999996,-0.00269872,5.98276
8,10,1,-0.961319,0.275439,3.3212
8,10,2,-0.95885,-0.283913,2.9812
8,11,0,-0.999996,-0.00269872,5.98276
8,11,1,-0.961318,0.275439,3.3212
8,11,2,-0.95885,-0.283914,2.9812
8,12,0,-0.999996,-0.00269872,5.98276
8,12,1,-0.961319,0.275439,3.3212
8,12,2,-0.95885,-0.283913,2.9812
8,13,0,-0.999996,-0.00269871,5.98276
8,13,1,-0.961319,0.275438,3.3212
8,13,2,-0.95885,-0.283912,2.9812
8,14,0,-0.999996,-0.00269871,5.98276
8,14,1,-0.961319,0.275438,3.3212
8,14,2,-0.95885,-0.283912,2.9812
8,15,0,-0.999996,-0.00269871,5.98276
8,15,1,-0.961319,0.275438,3.3212
8,15,2,-0.95885,-0.283912,2.9812
8,16,0,-0.999996,-0.00269871,5.98276
8,16,1,-0.961319,0.275438,3.3212
8,16,2,-0.95885,-0.283912,2.9812
8,17,0,-0.999996,-0.00269871,5.98276
8,17,1,-0.961319,0.275438,3.3212
8,17,2,-0.95885,-0.283912,2.9812
8,18,0,-0.999996,-0.00269871,5.98276
8,18,1,-0.961319,0.275438,3.3212
8,18,2,-0.95885,-0.283912,2.9812
8,19,0,-0.999996,-0.00269871,5.98276
8,19,1,-0.961319,0.275438,3.3212
8,19,2,-0.95885,-0.283912,2.9812
8,20,0,-0.999996,-0.00269871,5.98276
8,20,1,-0.961319,0.275438,3.3212
8,20,2,-0.95885,-0.283912,2.9812
8,21,0,-0.999996,-0.00269871,5.98276
8,21,1,-0.961319,0.275438,3.3212
8,21,2,-0.95885,-0.283912,2.9812
8,22,0,-0.999996,-0.00269871,5.98276
8,22,1,-0.961319,0.275438,3.3212
8,22,2,-0.95885,-0.283912,2.9812
8,23,0,-0.999996,-0.00269871,5.98276
8,23,1,-0.961319,0.275438,3.3212
8,23,2,-0.95885,-0.283912,2.9812
8,24,0,-0.999996,-0.00269871,5.98276
8,24,1,-0.961319,0.275438,3.3212
8,24,2,-0.95885,-0.283912,2.9812
8,25,0,-0.999996,-0.00269871,5.98276
8,25,1,-0.961319,0.275438,3.3212
8,25,2,-0.95885,-0.283912,2.9812
8,26,0,-0.999996,-0.00269871,5.98276
8,26,1,-0.961319,0.275438,3.3212
8,26,2,-0.95885,-0.283912,2.9812
8,27,0,-0.999996,-0.00269871,5.98276
8,27,1,-0.961319,0.275438,3.3212
8,27,2,-0.95885,-0.283912,2.9812
8,28,0,-0.999996,-0.00269871,5.98276
8,28,1,-0.961319,0.275438,3.3212
8,28,2,-0.95885,-0.283912,2.9812
8,29,0,-0.999996,-0.00269871,5.98276
8,29,1,-0.961319,0.275438,3.3212
8,29,2,-0.95885,-0.283912,2.9812
8,30,0,-0.999996,-0.00269871,5.98276
8,30,1,-0.961319,0.275438,3.3212
8,30,2,-0.95885,-0.283912,2.9812
8,31,0,-0.999996,-0.00269871,5.98276
8,31,1,-0.961319,0.275438,3.3212
8,31,2,-0.95885,-0.283912,2.9812
8,32,0,-0.999996,-0.00269871,5.98276
8,32,1,-0.961319,0.275438,3.3212
8,32,2,-0.95885,-0.283912,2.9812
8,33,0,-0.999996,-0.00269871,5.98276
8,33,1,-0.961319,0.275438,3.3212
8,33,2,-0.95885,-0.283912,2.9812
8,34,0,-0.999996,-0.00269871,5.98276
8,34,1,-0.961319,0.275438,3.3212
8,34,2,-0.95885,-0.283912,2.9812
8,35,0,-0.999996,-0.00269871,5.98276
8,35,1,-0.961319,0.275438,3.3212
8,35,2,-0.95885,-0.283912,2.9812
8,36,0,-0.999996,-0.00269871,5.98276
8,36,1,-0.961319,0.275438,3.3212
8,36,2,-0.95885,-0.283912,2.9812
8,37,0,-0.999996,-0.00269871,5.98276
8,37,1,-0.961319,0.275438,3.3212
8,37,2,-0.95885,-0.283912,2.9812
8,38,0,-0.999996,-0.00269871,5.98276
8,38,1,-0.961319,0.275438,3.3212
8,38,2,-0.95885,-0.283912,2.9812
8,39,0,-0.999996,-0.00269871,5.98276
8,39,1,-0.961319,0.275438,3.3212
8,39,2,-0.95885,-0.283912,2.9812
8,40,0,-0.999996,-0.00269871,5.98276
8,40,1,-0.961319,0.275438,3.3212
8,40,2,-0.95885,-0.283912,2.9812
8,41,0,-0.999996,-0.00269871,5.98276
8,41,1,-0.961319,0.275438,3.3212
8,41,2,-0.95885,-0.283912,2.9812
8,42,0,-0.999996,-0.00269871,5.98276
8,42,1,-0.961319,0.275438,3.3212
8,42,2,-0.95885,-0.283912,2.9812
8,43,0,-0.999996,-0.00269871,5.98276
8,43,1,-0.961319,0.275438,3.3212
8,43,2,-0.95885,-0.283912,2.9812
8,44,0,-0.999996,-0.00269871,5.98276
8,44,1,-0.961319,0.275438,3.3212
8,44,2,-0.95885,-0.283912,2.9812
